name,ownership_percent,value_of_land,size,sale_price,method,directors_at_time_of_sale,land_price,date_of_sale,public_share_after,source_page,flag_category,flag_source_csv
Nairobi Oil Products Ltd,29%,5.5 Million,,8750000,Receivership,IDB,5.5 Million,1992,0,438,share_sale_irregularity,annex_21_government_shareholding_corporations.csv
Tiger Shoes Company Ltd,16.70%,4 Million,0.5277 Ha,9250000,Receivership,"J.K. Gatuguta, J.G. Kihiu, J.H. Gitau, Hon. Karume, Hon. Muhuri, G.W. Karuri Gitau",,1993,0,438,share_sale_irregularity,annex_21_government_shareholding_corporations.csv
Yuken Textiles Ltd,100%,10.4 Million,2.508 Ha,14000000,Receivership,ICDC,,1993,0,438,share_sale_irregularity,annex_21_government_shareholding_corporations.csv
Sirikwa Hotel,21%,1.2 Million,,70000000,Receivership,"S.K. Arap Harisin, H. Kitur, Arap Maina, E.M. Musyoka, J.C. Kandagar, E.K. Blint, J.V.K. Arap Too, Z.K. Arap Korir, J.C. Yego",,1993,0,438,share_sale_irregularity,annex_21_government_shareholding_corporations.csv
Kenya Drilling Company Ltd,100%,5.4 Million,,21700000,Receivership,ICDC,,1993,0,438,share_sale_irregularity,annex_21_government_shareholding_corporations.csv
Seracoatings Limited,34%,45.4 Million,,82000000,Receivership,IDB,,1993,0,438,share_sale_irregularity,annex_21_government_shareholding_corporations.csv
Pan Vegetables Processors Ltd,100%,70 Million,292.56 Acres,95000000,Receivership,ICDC,,1994,0,438,share_sale_irregularity,annex_21_government_shareholding_corporations.csv
Kenya Taitex Mills Ltd,81%,0.93,30.6 Acres,81000000,Receivership,"Brig(Rtd) P.R. Kakenyi, Mnganga, Mrs. L. Nzoka, E.K. Muntu, P/S Industry",,1994,0,439,share_sale_irregularity,annex_21_government_shareholding_corporations.csv
Kenya Furfural Company Ltd,51%,,,55800000,Receivership,ICDC,,1995,0,439,share_sale_irregularity,annex_21_government_shareholding_corporations.csv
Kenya Engineering Industries Ltd,50%,,4.062 Acres,52505555,Receivership,"w.d. Masika, ICDC, W. Tomaszewski",,1995,0,439,share_sale_irregularity,annex_21_government_shareholding_corporations.csv
Synthetic Fibres (K) Ltd,100%,81.5,86.275 Acres,50000000,Receivership,ICDC,,1994,0,439,share_sale_irregularity,annex_21_government_shareholding_corporations.csv
Firestone E.A. Limited,20%,872,93 Acres,1000000000,Pre-emptive Rights,Min. of Industry,,1994,0,439,share_sale_irregularity,annex_21_government_shareholding_corporations.csv
Associated Battery Manufacturers Ltd.,20%,36,,154336000,Pre-emptive Rights,Min. of Industry,,1994,0,439,share_sale_irregularity,annex_21_government_shareholding_corporations.csv
Chloride Exide (K) Ltd.,41%,,,5154125,Pre-emptive Rights,ICDC,,1994,0,439,share_sale_irregularity,annex_21_government_shareholding_corporations.csv
Kenya Fishnet Industries Ltd,43%,,,2418750,Pre-emptive Rights,,,1994,0,439,share_sale_irregularity,annex_21_government_shareholding_corporations.csv
CPC Industries Ltd,18%,,,29523530,Pre-emptive Rights,,,1994,0,439,share_sale_irregularity,annex_21_government_shareholding_corporations.csv
Kenya Cashewnut Limited,76%,,350 Acres,78023446,Pre-emptive Rights,,,1994,0,439,share_sale_irregularity,annex_21_government_shareholding_corporations.csv
Africa Marine General Engineering Co. Ltd.,,,,30712500,Pre-emptive Rights,"P. Ndegwa, A.C.W. Sinclair, N.M. Mugwandia, D.N. Ndegwa, P.O. Okundi",,1994,0,440,share_sale_irregularity,annex_21_government_shareholding_corporations.csv
Sanyo Armco (K) Ltd,34%,4.6,,2521080,Pre-emptive Rights,,,1995,0,440,share_sale_irregularity,annex_21_government_shareholding_corporations.csv
Booth Manufacturing Africa Ltd.,29%,2.14,,9993060,Pre-emptive Rights,"C.M. Chandaria, V.R. Chandaria, H. Shah, S. Shah, D. Bhartia",,1995,0,440,share_sale_irregularity,annex_21_government_shareholding_corporations.csv
Pollman's Tour & Safaris Ltd,49%,26.5,,25024895,Pre-emptive Rights,,,1993,0,440,share_sale_irregularity,annex_21_government_shareholding_corporations.csv
Nestle Foods (K) Ltd.,13%,,,18347750,Pre-emptive Rights,KTDC,,1993,0,440,share_sale_irregularity,annex_21_government_shareholding_corporations.csv
Avion Export Services Ltd,14%,,,55000,Pre-emptive Rights,,,1993,0,440,share_sale_irregularity,annex_21_government_shareholding_corporations.csv
Avon Rubber Co. (K) Ltd.,20%,,,11949470,Pre-emptive Rights,,,1993,0,440,share_sale_irregularity,annex_21_government_shareholding_corporations.csv
Avon Marketing Services Ltd.,18%,,,8078400,Pre-emptive Rights,,,1993,0,440,share_sale_irregularity,annex_21_government_shareholding_corporations.csv
Robinson Hotels Mombasa Ltd.,10%,,,50234274,Pre-emptive Rights,KTDC,,1993,0,440,share_sale_irregularity,annex_21_government_shareholding_corporations.csv
Pan Afr. Hotels Ltd.,31%,,4.7 Acres,63855000,Pre-emptive Rights,,,1993,0,440,share_sale_irregularity,annex_21_government_shareholding_corporations.csv
Y-fashions Ltd.,75%,,,4000000,Pre-emptive Rights,ICDC,,1992,0,441,share_sale_irregularity,annex_21_government_shareholding_corporations.csv
E.A. Spinners Ltd.,75%,73.5,7.1115 Acres,282000000,Receivership,ICDC,,1995,0,441,share_sale_irregularity,annex_21_government_shareholding_corporations.csv
Wire Products Ltd.,30%,,,8336250,Pre-emptive Rights,,,1995,0,441,share_sale_irregularity,annex_21_government_shareholding_corporations.csv
Canard Metalbox Ltd.,19%,87.2,,39188000,Pre-emptive Rights,,,1995,0,441,share_sale_irregularity,annex_21_government_shareholding_corporations.csv
Kenya Bixa Ltd.,51%,8.9,49.98 Acres,35598000,Pre-emptive Rights,Major (Rtd) W.K. Koitaba,,1995,0,441,share_sale_irregularity,annex_21_government_shareholding_corporations.csv
Sokoro Fibre Ltd.,26%,,,22007700,Pre-emptive Rights,ICDC,,1995,0,441,share_sale_irregularity,annex_21_government_shareholding_corporations.csv
Embu Hotel Limited.,29%,2.2,7.5 Acres,3117690,Pre-emptive Rights,,,1995,0,441,share_sale_irregularity,annex_21_government_shareholding_corporations.csv
Kenya Bowling Centres Ltd.,26%,5.3,0.5 Acres,3220000,Pre-emptive Rights,,,1995,0,441,share_sale_irregularity,annex_21_government_shareholding_corporations.csv
Lion Hill Camp Ltd.,30%,,4.13 Acres,14400000,Pre-emptive Rights,KTDC,,1995,0,441,share_sale_irregularity,annex_21_government_shareholding_corporations.csv
Kenya Fruit Processors Ltd,,,,,,,,,,,share_sale_irregularity,annex_21_government_shareholding_corporations.csv
35%,6.5,,8645000,Pre-emptive Rights,ADC,,1995,0,441,,share_sale_irregularity,annex_21_government_shareholding_corporations.csv
Nas Airport Services Ltd.,27%,79.8,,62920000,Pre-emptive Rights,"ICDC, Dr. N. Mungai, P. Ndegwa, F.J. Addly, G.K. Moi",,1995,0,441,share_sale_irregularity,annex_21_government_shareholding_corporations.csv
Associated Vehicle Assemblers,51%,7,34 Acres,154336000,Pre-emptive Rights,"Peter Hughes, Lawrence Masaviru",,1996,0,441,share_sale_irregularity,annex_21_government_shareholding_corporations.csv
Wananchi Sawmills Ltd.,45%,8.8,2.4 Ha,15444707,Pre-emptive Rights,,,1996,0,442,share_sale_irregularity,annex_21_government_shareholding_corporations.csv
Brollo Kenya Limited,10%,54.5,59.5 Acres,35666631,Pre-emptive Rights,,,1996/2002,0,442,share_sale_irregularity,annex_21_government_shareholding_corporations.csv
Kenya Shipping Agency Ltd,80%,35.5,,38416000,Pre-emptive Rights,"KNTC, ICDC, D. Petit, K.S. Dawood, J.D. Muturi, A.K. Kurji",,1996,0,442,share_sale_irregularity,annex_21_government_shareholding_corporations.csv
E.A. Oxygen Ltd.,15%,50.7,,42472080,Public,,,1993,0,442,share_sale_irregularity,annex_21_government_shareholding_corporations.csv
Bamburi Portland Cement,26%,89.6,,,Public,,,1991,0,442,share_sale_irregularity,annex_21_government_shareholding_corporations.csv
Kisii Bottlers Ltd.,40%,16.9,,23848470,Pre-emptive Rights,"J.P.N. Simba, A.N. Moseti, ICDC, RVB",,1997,0,442,share_sale_irregularity,annex_21_government_shareholding_corporations.csv
Mt. Kenya Bottlers Ltd.,40%,20.2,,,Pre-emptive Rights,,,1997,0,442,share_sale_irregularity,annex_21_government_shareholding_corporations.csv
Kenya Vehicle Manufacturers Ltd.,35%,30 Million,35.285 Acres,57750000,Pre-emptive Rights,"I.G. Kiereini, H. Forster, P.K. Jani, A. Hamilton, F.N. Musyimi, C. Njojo, C. Kulei",,1997,0,442,share_sale_irregularity,annex_21_government_shareholding_corporations.csv
Maralal Safari Lodge Ltd,10%,,,,Pre-emptive Rights,,,1997,0,442,share_sale_irregularity,annex_21_government_shareholding_corporations.csv
Stanbic K. Ltd.,40%,,,,Pre-emptive Rights,,,1997,0,442,share_sale_irregularity,annex_21_government_shareholding_corporations.csv
Infusion Kenya Ltd.,13%,,,8000000,Pre-emptive Rights,"M. Kaitany, E.T. Manasse",,1997,0,442,share_sale_irregularity,annex_21_government_shareholding_corporations.csv
Kenya National Shipping Line Ltd.,80%,,,,Pre-emptive Rights,,,1997,0,443,share_sale_irregularity,annex_21_government_shareholding_corporations.csv
Milimani Hotels Ltd.,49%,742 Million,,80010000,Pre-emptive Rights,"J.M. Keriri, E.M. Musyoka, Mrs. A. Ndegwa, C. Kutwa",,1997,0,443,share_sale_irregularity,annex_21_government_shareholding_corporations.csv
Eveready Batteries Ltd.,25%,,,23041200,Pre-emptive Rights,ICDC,,1997,0,443,share_sale_irregularity,annex_21_government_shareholding_corporations.csv
E.A. Industries Ltd.,29%,657.4 Million,,200214974,Pre-emptive Rights,,,1997,20.87,443,share_sale_irregularity,annex_21_government_shareholding_corporations.csv
Minet ICDC Insurance Brokers,47%,,,21275880,Pre-emptive Rights,ICDC,,1997,20,443,share_sale_irregularity,annex_21_government_shareholding_corporations.csv
Polysynthetic E. Africa,30%,,,50289030,Pre-emptive Rights,,,1997,0,443,share_sale_irregularity,annex_21_government_shareholding_corporations.csv
Kenya National Properties,34%,,,124850000,Pre-emptive Rights,,,1997,0,443,share_sale_irregularity,annex_21_government_shareholding_corporations.csv
Raymond Woollen Mills Ltd.,11%,336.8 Million,15.277 Ha,94023438,Pre-emptive Rights,ICDC,,1996,0,443,share_sale_irregularity,annex_21_government_shareholding_corporations.csv
Kenya Industrial Plastics Ltd,33%,11.8 Million,,4224438,Pre-emptive Rights,,,1996,0,443,share_sale_irregularity,annex_21_government_shareholding_corporations.csv
National Bank of Kenya,100,977.2 Million,,400000000,Public,,,1996,22.5,443,share_sale_irregularity,annex_21_government_shareholding_corporations.csv
Mumias Sugar Company Ltd.,70.70%,102.6 Million,,,,,,1994/96,0,443,share_sale_irregularity,annex_21_government_shareholding_corporations.csv
Homa Bay Hotel,99%,O.878 Million,,22000000,Competitive,"Prof. Ole Karei, G.G. Njoroge, P/S Tour",,1996,0,444,share_sale_irregularity,annex_21_government_shareholding_corporations.csv
The Ark Ltd,6%,83.1 Million,,8500000,,"P/S Tourism, G.K. Parsaoti, M.K. Too, Sir P. Hewitt, K.M. Atkinson, M.V.A. Newman, J. Flee, F.A. Taib",,1996,0,444,share_sale_irregularity,annex_21_government_shareholding_corporations.csv
CMC Holdings,20%,,,20074810,Public,,,1993,0,444,share_sale_irregularity,annex_21_government_shareholding_corporations.csv
KCB Ltd.,100%,,,447000000,Public,"P/S Treasury, Investment Secretary",,1990/97/98,35,444,share_sale_irregularity,annex_21_government_shareholding_corporations.csv
Kencom House,100%,,,594000000,Public,,,1997,0,444,share_sale_irregularity,annex_21_government_shareholding_corporations.csv
Kenya Finance Corporation,100%,,,,Divestiture,,,1998,25,444,share_sale_irregularity,annex_21_government_shareholding_corporations.csv
United Finance,100%,,,1820000000,Divestiture,,,,,444,share_sale_irregularity,annex_21_government_shareholding_corporations.csv
Notcutt Longaron,100%,,,,Divestiture,,,,,444,share_sale_irregularity,annex_21_government_shareholding_corporations.csv
Savings & Loan,100%,,,,Divestiture,,,,,444,share_sale_irregularity,annex_21_government_shareholding_corporations.csv
Investment Promotion Services,,,,,Divestiture,,,,,444,share_sale_irregularity,annex_21_government_shareholding_corporations.csv
Mt. Kenya Textiles Ltd.,100%,67.2 Million,,,Share Dilution,"J.K. Sambu, P/S Treasury, DR. w. Rolf, E.N. Mukasa (Mrs.), D.F.C.K",,1992,48.5,444,share_sale_irregularity,annex_21_government_shareholding_corporations.csv
Kenya Flourspar Cop. Ltd.,50%,,,72500000,Competitive Bidding,,,1996,0,445,share_sale_irregularity,annex_21_government_shareholding_corporations.csv
Milling Corporation of Kenya,100%,4.3 Million,,150000000,Competitive Bidding,,,1994,0,445,share_sale_irregularity,annex_21_government_shareholding_corporations.csv
General Motors (K) Ltd.,51%,464 Million,,,Pre-emptive Rights,,,1997,20,445,share_sale_irregularity,annex_21_government_shareholding_corporations.csv
Mepal Plastics (K) Ltd.,100%,,,17000000,Competitive Bidding,,,1994,0,445,share_sale_irregularity,annex_21_government_shareholding_corporations.csv
African Diatomite Industris,100%,,200 Acres,45000000,Share Dilution,"D.T. Rogers, P.K. Shah, K. Maalim, Y.C. Desai",,1993,0,445,share_sale_irregularity,annex_21_government_shareholding_corporations.csv
Salt Manufacturers (K) Ltd.,56%,119 Million,,43922724,Pre-emptive Rights,,,1993,0,445,share_sale_irregularity,annex_21_government_shareholding_corporations.csv
Kisumu Cotton Mills Ltd.,80%,279 Million,,174961000,Receivership,,,1993,0,445,share_sale_irregularity,annex_21_government_shareholding_corporations.csv
Uchumi Supermarket,90%,104 Million,,232000000,Divestiture,ICDC,,1992,44,445,share_sale_irregularity,annex_21_government_shareholding_corporations.csv
HFCK Ltd,50%,63 Million,,126000000,Public,"R.W. Mukuria, M.K. Birgen, S. Potter, R.J. Mitchell, Mr. Magari, J. Sang, K. Gatabaki, Philip Ndegwa",,1992,30,445,share_sale_irregularity,annex_21_government_shareholding_corporations.csv
Kenya Airways,100%,176.5 Million,,2643750000,Public Floatation,"Brian Davies, Dr. Egachukia, Mr. S. Amos Wako, Danish Kapila, I. Omolo Okello, S. Arasa, S.W. Githaiga",,1996,23,446,share_sale_irregularity,annex_21_government_shareholding_corporations.csv
Kenya Flamingo Airlines Ltd.,100%,,,,,,,1996,,446,share_sale_irregularity,annex_21_government_shareholding_corporations.csv
Kenya Airfreight Holding Ltd.,100%,,,600000000,Public,,,1995,0,446,share_sale_irregularity,annex_21_government_shareholding_corporations.csv
Kenya National Capital Corporation,100%,,,,Public,,,1996,22.5,446,share_sale_irregularity,annex_21_government_shareholding_corporations.csv
Mwea Cotton Ginnery,100%,,1.21 Ha,15000000,Competitive,,,1995,0,446,share_sale_irregularity,annex_21_government_shareholding_corporations.csv
BAT Development (K) Ltd.,20%,,,,Liquidation/Winding Up,,,1993,0,446,share_sale_irregularity,annex_21_government_shareholding_corporations.csv
Simpson Whitelaw,100%,,,,Liquidation/Winding Up,,,1992,0,446,share_sale_irregularity,annex_21_government_shareholding_corporations.csv
Warehousing & Forwarding Co. Ltd.,25%,,,2437360,Pre-emptive Rights,,,1997,0,446,share_sale_irregularity,annex_21_government_shareholding_corporations.csv
African Marine General Engineering Co. Ltd,,,,30712500,Pre-emptive Rights,,,1994,0,446,share_sale_irregularity,annex_21_government_shareholding_corporations.csv
Highlands Paper Mills Ltd.,,,,875000,Pre-emptive Rights,,,1992,0,447,share_sale_irregularity,annex_21_government_shareholding_corporations.csv
Hola Cotton Ginnery Ltd.,,,,15000000,Competitive,,,1995,0,447,share_sale_irregularity,annex_21_government_shareholding_corporations.csv
Horti Seeds Co. Ltd.,,,,,Liquidation,,,2003,0,447,share_sale_irregularity,annex_21_government_shareholding_corporations.csv
Kenatco Taxis Ltd.,,,,,Liquidation,,,1993,0,447,share_sale_irregularity,annex_21_government_shareholding_corporations.csv
Kenchic Ltd.,,,,4600000,Pre-emptive Rights,,,1993,0,447,share_sale_irregularity,annex_21_government_shareholding_corporations.csv
Kenya Film Corporation,,,,,,,,,0,447,share_sale_irregularity,annex_21_government_shareholding_corporations.csv
Kenya National Assurance Co. Ltd.,,,,,,"Major (Rtd) W.K. Koitaba, Mrs. Neera W. Ghelani, Nikhil, N. Ghelani",,1996,0,447,share_sale_irregularity,annex_21_government_shareholding_corporations.csv
Kenya Peanut Co. Ltd.,,,,91807000,Winding UP,,,1992,0,447,share_sale_irregularity,annex_21_government_shareholding_corporations.csv
Kerio Valley Ginnery Ltd,,,7.68 Ha,,,,,1995,0,447,share_sale_irregularity,annex_21_government_shareholding_corporations.csv
Kibos Ginnery Ltd.,,,4.1 Ha,8000000,Competitive,,,1996,0,447,share_sale_irregularity,annex_21_government_shareholding_corporations.csv
Loncom Ltd.,,,,,,,,1996,0,447,share_sale_irregularity,annex_21_government_shareholding_corporations.csv
Marsabit Lodge Ltd.,88.70%,,20 Acres,12874792,Competitive Bidding,"T.M. Mumbo, S.M. Andowani, M.P. Nzoka, E.M. Abdililo",,1996,0,447,share_sale_irregularity,annex_21_government_shareholding_corporations.csv
Meru Ginnery,49%,,,30000000,,,,1995,0,447,share_sale_irregularity,annex_21_government_shareholding_corporations.csv
Motor and Pedal Cycles Ltd.,,,,,,,,,0,448,share_sale_irregularity,annex_21_government_shareholding_corporations.csv
Mountex Ltd.,100%,,,,,,,1992,48.5,448,share_sale_irregularity,annex_21_government_shareholding_corporations.csv
Mutuality Investment Trust Ltd.,,,,,,"PS Tourism, KTDC",,1993,0,448,share_sale_irregularity,annex_21_government_shareholding_corporations.csv
Nakuru Chrome Tanning Co. Ltd.,,,,,,,,,0,448,share_sale_irregularity,annex_21_government_shareholding_corporations.csv
Panafric Hotel Ltd.,,,,,,ps Agriculture,,1993,0,448,share_sale_irregularity,annex_21_government_shareholding_corporations.csv
Rift Valley Textiles Mills Ltd.,,,,,,,,,0,448,share_sale_irregularity,annex_21_government_shareholding_corporations.csv
The Kericho Tea Hotel Ltd.,,,,,,,,1991,0,448,share_sale_irregularity,annex_21_government_shareholding_corporations.csv
United Finance Company of Kenya,,,,,Divestiture,,,,0,448,share_sale_irregularity,annex_21_government_shareholding_corporations.csv
Uplands Bacon Factory,,,,,,IDB,,1995,0,448,share_sale_irregularity,annex_21_government_shareholding_corporations.csv
Utalli Investments Ltd.,,,,,,"C. Kutwa, S.M. Mbova",,1997,0,448,share_sale_irregularity,annex_21_government_shareholding_corporations.csv
