entity_name,flag_category,source_page,flag_source_csv
42 Nd Limited,company_allocated_land,5,annex_01_companies_alloacted_land.csv
A.I.C. Dev. Trust,company_allocated_land,5,annex_01_companies_alloacted_land.csv
A.J Pereira and & Sons Ltd,company_allocated_land,5,annex_01_companies_alloacted_land.csv
Abbey Lodge Limited,company_allocated_land,5,annex_01_companies_alloacted_land.csv
Aboo Ltd,company_allocated_land,5,annex_01_companies_alloacted_land.csv
Academics Services Limited,company_allocated_land,5,annex_01_companies_alloacted_land.csv
Adlic Investments,company_allocated_land,5,annex_01_companies_alloacted_land.csv
Advest Communications Ltd,company_allocated_land,5,annex_01_companies_alloacted_land.csv
Aerial Developers Ltd,company_allocated_land,5,annex_01_companies_alloacted_land.csv
African Queen Holdings,company_allocated_land,5,annex_01_companies_alloacted_land.csv
Africo Holdings Ltd,company_allocated_land,5,annex_01_companies_alloacted_land.csv
Aga Khan Foundation,company_allocated_land,5,annex_01_companies_alloacted_land.csv
Agida Square Enterprises,company_allocated_land,5,annex_01_companies_alloacted_land.csv
Agm Properties Ltd,company_allocated_land,5,annex_01_companies_alloacted_land.csv
Agri Properties,company_allocated_land,5,annex_01_companies_alloacted_land.csv
Agromatic Flower Farm,company_allocated_land,5,annex_01_companies_alloacted_land.csv
Ajiw A Shamll Ltd,company_allocated_land,5,annex_01_companies_alloacted_land.csv
Akaba Investments Limited,company_allocated_land,5,annex_01_companies_alloacted_land.csv
Akamba Bus Limited,company_allocated_land,5,annex_01_companies_alloacted_land.csv
Akash Investiments,company_allocated_land,5,annex_01_companies_alloacted_land.csv
Al Hisga Investments (Kenya) Ltd,company_allocated_land,5,annex_01_companies_alloacted_land.csv
Alcop Limited,company_allocated_land,5,annex_01_companies_alloacted_land.csv
Alduchira Investment Co. Ltd,company_allocated_land,5,annex_01_companies_alloacted_land.csv
Alhonsa Investments (k) Limited,company_allocated_land,5,annex_01_companies_alloacted_land.csv
Al-Jazeera Investments,company_allocated_land,5,annex_01_companies_alloacted_land.csv
Allavet Ltd,company_allocated_land,5,annex_01_companies_alloacted_land.csv
Alpha Zeta Investments Ltd,company_allocated_land,5,annex_01_companies_alloacted_land.csv
Amhurst Limited,company_allocated_land,5,annex_01_companies_alloacted_land.csv
Anasaka Enterprises,company_allocated_land,5,annex_01_companies_alloacted_land.csv
Andy Forwarders Services Ltd,company_allocated_land,5,annex_01_companies_alloacted_land.csv
Anet Limited,company_allocated_land,5,annex_01_companies_alloacted_land.csv
Ankam Holdings,company_allocated_land,5,annex_01_companies_alloacted_land.csv
Annat Technical Services,company_allocated_land,6,annex_01_companies_alloacted_land.csv
Anshaken Holdings Ltd,company_allocated_land,6,annex_01_companies_alloacted_land.csv
Anti-Pest (K) Ltd,company_allocated_land,6,annex_01_companies_alloacted_land.csv
Antow Trading Co. Ltd,company_allocated_land,6,annex_01_companies_alloacted_land.csv
Anzy Investments Ltd,company_allocated_land,6,annex_01_companies_alloacted_land.csv
Archer & Wilcock Nominess Limited,company_allocated_land,6,annex_01_companies_alloacted_land.csv
Archland Engineering Ltd,company_allocated_land,6,annex_01_companies_alloacted_land.csv
Archman Holdings,company_allocated_land,6,annex_01_companies_alloacted_land.csv
Ariola Investments Ltd,company_allocated_land,6,annex_01_companies_alloacted_land.csv
Aryan Enterprises,company_allocated_land,6,annex_01_companies_alloacted_land.csv
Aryan Enterpnses Limited,company_allocated_land,6,annex_01_companies_alloacted_land.csv
Aspen Developers Co. Ltd,company_allocated_land,6,annex_01_companies_alloacted_land.csv
Associated Electrical & Hardware Suppliers Ltd,company_allocated_land,6,annex_01_companies_alloacted_land.csv
Automotive Syndicate Ltd,company_allocated_land,6,annex_01_companies_alloacted_land.csv
Avalon Consultancy Ltd,company_allocated_land,6,annex_01_companies_alloacted_land.csv
Aviton Enterprises Ltd,company_allocated_land,6,annex_01_companies_alloacted_land.csv
Awen Investments Limited,company_allocated_land,6,annex_01_companies_alloacted_land.csv
Ayunya Enterprises,company_allocated_land,6,annex_01_companies_alloacted_land.csv
Azania Holdings,company_allocated_land,6,annex_01_companies_alloacted_land.csv
Azida Square Enterprises,company_allocated_land,6,annex_01_companies_alloacted_land.csv
Baja Ber Investments Ltd,company_allocated_land,6,annex_01_companies_alloacted_land.csv
Bajaber Ltd,company_allocated_land,6,annex_01_companies_alloacted_land.csv
Bakana (EA) Ltd,company_allocated_land,6,annex_01_companies_alloacted_land.csv
Ballistic Missile Investments Ltd,company_allocated_land,6,annex_01_companies_alloacted_land.csv
Bangra Ltd,company_allocated_land,6,annex_01_companies_alloacted_land.csv
Bantus Investments Ltd,company_allocated_land,6,annex_01_companies_alloacted_land.csv
Baptist Convention of Kenya,company_allocated_land,6,annex_01_companies_alloacted_land.csv
Barsirim Investment Limited,company_allocated_land,6,annex_01_companies_alloacted_land.csv
Basila Enterprises,company_allocated_land,6,annex_01_companies_alloacted_land.csv
Basta & Sons Ltd,company_allocated_land,6,annex_01_companies_alloacted_land.csv
Batian Investment Limited,company_allocated_land,6,annex_01_companies_alloacted_land.csv
Bekeson Enter,company_allocated_land,6,annex_01_companies_alloacted_land.csv
Bellerive Outlets Ltd,company_allocated_land,6,annex_01_companies_alloacted_land.csv
Bellerives Ltd,company_allocated_land,6,annex_01_companies_alloacted_land.csv
Bellion Farm Ltd,company_allocated_land,6,annex_01_companies_alloacted_land.csv
Bellerives Ltd,company_allocated_land,7,annex_01_companies_alloacted_land.csv
Beme Enterprises,company_allocated_land,7,annex_01_companies_alloacted_land.csv
Bench Enterprises,company_allocated_land,7,annex_01_companies_alloacted_land.csv
Benton Enterprises,company_allocated_land,7,annex_01_companies_alloacted_land.csv
Berke Commercial Agencies Ltd.,company_allocated_land,7,annex_01_companies_alloacted_land.csv
Biarrtiz Colours Ltd,company_allocated_land,7,annex_01_companies_alloacted_land.csv
Biarusi Limited,company_allocated_land,7,annex_01_companies_alloacted_land.csv
Biyoto Investments,company_allocated_land,7,annex_01_companies_alloacted_land.csv
Blue Shield Insurance Co. Ltd,company_allocated_land,7,annex_01_companies_alloacted_land.csv
Bobmill Investment Limited,company_allocated_land,5,annex_01_companies_alloacted_land.csv
Boffar Limited,company_allocated_land,7,annex_01_companies_alloacted_land.csv
Boko Boko Inv. Ltd,company_allocated_land,7,annex_01_companies_alloacted_land.csv
Braya Stone Investment,company_allocated_land,7,annex_01_companies_alloacted_land.csv
Braysone Investment,company_allocated_land,7,annex_01_companies_alloacted_land.csv
Bridge Camp Ltd,company_allocated_land,7,annex_01_companies_alloacted_land.csv
Britania Holdings Ltd.,company_allocated_land,7,annex_01_companies_alloacted_land.csv
Brookebond kenya Ltd,company_allocated_land,7,annex_01_companies_alloacted_land.csv
BulBul Art Ltd,company_allocated_land,7,annex_01_companies_alloacted_land.csv
Bull Star Construction Works Ltd.,company_allocated_land,7,annex_01_companies_alloacted_land.csv
Bumwara Enterprises,company_allocated_land,7,annex_01_companies_alloacted_land.csv
Cab Investments Limited,company_allocated_land,7,annex_01_companies_alloacted_land.csv
Cafe Havila Ltd,company_allocated_land,7,annex_01_companies_alloacted_land.csv
Canon Alluminium Fabrications Ltd,company_allocated_land,7,annex_01_companies_alloacted_land.csv
Cannon Aluminium Fabricators Ltd,company_allocated_land,7,annex_01_companies_alloacted_land.csv
Castedome Properties Ltd,company_allocated_land,7,annex_01_companies_alloacted_land.csv
Castle Dom Properties Ltd,company_allocated_land,7,annex_01_companies_alloacted_land.csv
Catalogue Afrique Ltd,company_allocated_land,7,annex_01_companies_alloacted_land.csv
Cedah Rapids Ltd,company_allocated_land,7,annex_01_companies_alloacted_land.csv
Celtic Multisystems Ltd.,company_allocated_land,7,annex_01_companies_alloacted_land.csv
Cemimic Enterprise,company_allocated_land,7,annex_01_companies_alloacted_land.csv
Chal Developers Ltd,company_allocated_land,7,annex_01_companies_alloacted_land.csv
Chamwa Enterprises Ltd,company_allocated_land,7,annex_01_companies_alloacted_land.csv
Chanduti Enterprises,company_allocated_land,7,annex_01_companies_alloacted_land.csv
Chapi Furniture Limited,company_allocated_land,7,annex_01_companies_alloacted_land.csv
Chaumet African Ltd,company_allocated_land,7,annex_01_companies_alloacted_land.csv
Checho Investment,company_allocated_land,7,annex_01_companies_alloacted_land.csv
Chelemei Ltd,company_allocated_land,8,annex_01_companies_alloacted_land.csv
Chemchemi Holdings Ltd,company_allocated_land,8,annex_01_companies_alloacted_land.csv
Chemey Investment Ltd,company_allocated_land,8,annex_01_companies_alloacted_land.csv
Chempac Limited,company_allocated_land,8,annex_01_companies_alloacted_land.csv
Chemusian Company Ltd,company_allocated_land,8,annex_01_companies_alloacted_land.csv
Chubb Development Ltd,company_allocated_land,8,annex_01_companies_alloacted_land.csv
Cinergy Investment,company_allocated_land,8,annex_01_companies_alloacted_land.csv
Colloms Ltd,company_allocated_land,8,annex_01_companies_alloacted_land.csv
Colwall Investment Ltd,company_allocated_land,8,annex_01_companies_alloacted_land.csv
Comen Ltd,company_allocated_land,8,annex_01_companies_alloacted_land.csv
Condare Holdings Ltd,company_allocated_land,8,annex_01_companies_alloacted_land.csv
Coniston Centre Ltd,company_allocated_land,8,annex_01_companies_alloacted_land.csv
Conservatory Farm,company_allocated_land,8,annex_01_companies_alloacted_land.csv
Containers Kenya Ltd,company_allocated_land,8,annex_01_companies_alloacted_land.csv
Contra Sup Enterprises Ltd,company_allocated_land,8,annex_01_companies_alloacted_land.csv
Coonistin Centre Ltd,company_allocated_land,8,annex_01_companies_alloacted_land.csv
Cooper Motors Corporation,company_allocated_land,8,annex_01_companies_alloacted_land.csv
Coopers & Lybrand Trust Corporation Limited,company_allocated_land,8,annex_01_companies_alloacted_land.csv
Copos Ltd,company_allocated_land,8,annex_01_companies_alloacted_land.csv
Cotswood Company Ltd,company_allocated_land,8,annex_01_companies_alloacted_land.csv
Cresent Property Development Co. Ltd,company_allocated_land,8,annex_01_companies_alloacted_land.csv
Cross Baw Ltd,company_allocated_land,8,annex_01_companies_alloacted_land.csv
Cruise Holdings Ltd,company_allocated_land,8,annex_01_companies_alloacted_land.csv
Crutacea Processors Ltd,company_allocated_land,8,annex_01_companies_alloacted_land.csv
Culfomf Ltd,company_allocated_land,8,annex_01_companies_alloacted_land.csv
D.M. Properties Ltd,company_allocated_land,8,annex_01_companies_alloacted_land.csv
Dadaab Investments Limited,company_allocated_land,8,annex_01_companies_alloacted_land.csv
Daima Enterprises Ltd,company_allocated_land,8,annex_01_companies_alloacted_land.csv
Danabell Enterprises Ltd,company_allocated_land,8,annex_01_companies_alloacted_land.csv
Dayax Investments Ltd,company_allocated_land,8,annex_01_companies_alloacted_land.csv
Deep Solith Dev. Pro.ject,company_allocated_land,8,annex_01_companies_alloacted_land.csv
Delta Enterprises,company_allocated_land,8,annex_01_companies_alloacted_land.csv
Desuka Properties,company_allocated_land,8,annex_01_companies_alloacted_land.csv
Digest Investments Adika Agencies Limited,company_allocated_land,8,annex_01_companies_alloacted_land.csv
Dim Agencies,company_allocated_land,8,annex_01_companies_alloacted_land.csv
Dim Properties Ltd,company_allocated_land,9,annex_01_companies_alloacted_land.csv
Dimit lnvestments Ltd,company_allocated_land,9,annex_01_companies_alloacted_land.csv
Do it Management Consultants Ltd,company_allocated_land,9,annex_01_companies_alloacted_land.csv
Dolphin Village Ltd,company_allocated_land,9,annex_01_companies_alloacted_land.csv
Dorea Roses Investments Ltd.,company_allocated_land,9,annex_01_companies_alloacted_land.csv
DYNO Holdings Ltd,company_allocated_land,9,annex_01_companies_alloacted_land.csv
E.A. Gas Co Ltd,company_allocated_land,9,annex_01_companies_alloacted_land.csv
E.A.W Enterprises,company_allocated_land,9,annex_01_companies_alloacted_land.csv
Eclat Limited,company_allocated_land,9,annex_01_companies_alloacted_land.csv
Eco Marine(K) Ltd,company_allocated_land,9,annex_01_companies_alloacted_land.csv
Edel Enterprises Ltd,company_allocated_land,9,annex_01_companies_alloacted_land.csv
Edenberg Investment Ltd,company_allocated_land,9,annex_01_companies_alloacted_land.csv
Edom Invest. Ltd,company_allocated_land,9,annex_01_companies_alloacted_land.csv
Eldoret Bata Shoes Stores Ltd,company_allocated_land,9,annex_01_companies_alloacted_land.csv
Eliant(K)Ltd,company_allocated_land,9,annex_01_companies_alloacted_land.csv
Emel Investments,company_allocated_land,9,annex_01_companies_alloacted_land.csv
Emeralds Jeweb Ltd,company_allocated_land,9,annex_01_companies_alloacted_land.csv
Emetei Investment,company_allocated_land,9,annex_01_companies_alloacted_land.csv
Emrose Academy Limited,company_allocated_land,9,annex_01_companies_alloacted_land.csv
Emtol Properties Ltd,company_allocated_land,9,annex_01_companies_alloacted_land.csv
Endo Holdings Limited,company_allocated_land,9,annex_01_companies_alloacted_land.csv
Endo Ltd,company_allocated_land,9,annex_01_companies_alloacted_land.csv
Entrox Products Ltd,company_allocated_land,9,annex_01_companies_alloacted_land.csv
Espon Green Developers Ltd,company_allocated_land,9,annex_01_companies_alloacted_land.csv
Erba Ltd,company_allocated_land,9,annex_01_companies_alloacted_land.csv
Erba Ltd,company_allocated_land,9,annex_01_companies_alloacted_land.csv
Evans Investments,company_allocated_land,9,annex_01_companies_alloacted_land.csv
Evenannon Ltd,company_allocated_land,9,annex_01_companies_alloacted_land.csv
Extele Coms House Parking Bay Kempco Ltd,company_allocated_land,9,annex_01_companies_alloacted_land.csv
Falcon Holdings Ltd.,company_allocated_land,9,annex_01_companies_alloacted_land.csv
Falmak Enterprises Ltd,company_allocated_land,9,annex_01_companies_alloacted_land.csv
Farm Implements & Motor Spare Ltd,company_allocated_land,9,annex_01_companies_alloacted_land.csv
Farmers Stage Limited,company_allocated_land,9,annex_01_companies_alloacted_land.csv
Fecud Investment Ltd,company_allocated_land,9,annex_01_companies_alloacted_land.csv
Fidei Holdings Limited,company_allocated_land,9,annex_01_companies_alloacted_land.csv
Firms Ltd,company_allocated_land,10,annex_01_companies_alloacted_land.csv
Finance & Investment Limited,company_allocated_land,10,annex_01_companies_alloacted_land.csv
Fined Earth Co. Ltd,company_allocated_land,10,annex_01_companies_alloacted_land.csv
Fired Earth Co. Ltd,company_allocated_land,10,annex_01_companies_alloacted_land.csv
Florianus Investments Ltd,company_allocated_land,10,annex_01_companies_alloacted_land.csv
Foam Matress Ltd,company_allocated_land,10,annex_01_companies_alloacted_land.csv
Font Properties Ltd,company_allocated_land,10,annex_01_companies_alloacted_land.csv
Fort Enterprises Company,company_allocated_land,10,annex_01_companies_alloacted_land.csv
Frab Enterprises Ltd,company_allocated_land,10,annex_01_companies_alloacted_land.csv
Framis Ltd,company_allocated_land,10,annex_01_companies_alloacted_land.csv
Franci Limited,company_allocated_land,10,annex_01_companies_alloacted_land.csv
Frank Way Ltd,company_allocated_land,10,annex_01_companies_alloacted_land.csv
Frankclem Enterprises,company_allocated_land,10,annex_01_companies_alloacted_land.csv
Frasils (K) Ltd,company_allocated_land,10,annex_01_companies_alloacted_land.csv
Frernco Investments,company_allocated_land,10,annex_01_companies_alloacted_land.csv
Frera Engineering Co. Ltd,company_allocated_land,10,annex_01_companies_alloacted_land.csv
G.I.S. Land Surveying,company_allocated_land,10,annex_01_companies_alloacted_land.csv
Gada Properties Ltd,company_allocated_land,10,annex_01_companies_alloacted_land.csv
Ganil Prcperties Ltd,company_allocated_land,10,annex_01_companies_alloacted_land.csv
Garden City Ltd,company_allocated_land,10,annex_01_companies_alloacted_land.csv
Gate Lock Security Ltd,company_allocated_land,10,annex_01_companies_alloacted_land.csv
Gath Properties Limited,company_allocated_land,10,annex_01_companies_alloacted_land.csv
Gatos Town Ltd,company_allocated_land,10,annex_01_companies_alloacted_land.csv
Gee Six Investment Ltd,company_allocated_land,10,annex_01_companies_alloacted_land.csv
Geminia Insurance,company_allocated_land,10,annex_01_companies_alloacted_land.csv
Geomman Limited,company_allocated_land,10,annex_01_companies_alloacted_land.csv
George Philip Investments,company_allocated_land,10,annex_01_companies_alloacted_land.csv
Gianni Limited,company_allocated_land,10,annex_01_companies_alloacted_land.csv
Gichuru Investments,company_allocated_land,10,annex_01_companies_alloacted_land.csv
Gipere Enterprises,company_allocated_land,10,annex_01_companies_alloacted_land.csv
Gipere Enterprises,company_allocated_land,10,annex_01_companies_alloacted_land.csv
Gizzle Limited,company_allocated_land,10,annex_01_companies_alloacted_land.csv
Glory Car Hire Ltd,company_allocated_land,10,annex_01_companies_alloacted_land.csv
Godka Enterprises Limited,company_allocated_land,10,annex_01_companies_alloacted_land.csv
Golden Crest Properties Ltd.,company_allocated_land,10,annex_01_companies_alloacted_land.csv
Good Propenies Ltd,company_allocated_land,10,annex_01_companies_alloacted_land.csv
Goodwood Properties Ltd,company_allocated_land,11,annex_01_companies_alloacted_land.csv
Gorvas Holdings Ltd,company_allocated_land,11,annex_01_companies_alloacted_land.csv
Gotab Sanik Enterprises,company_allocated_land,11,annex_01_companies_alloacted_land.csv
Goze Holdings Limited,company_allocated_land,11,annex_01_companies_alloacted_land.csv
Gramac Holdings Limited,company_allocated_land,11,annex_01_companies_alloacted_land.csv
Green Hills Investment Ltd,company_allocated_land,11,annex_01_companies_alloacted_land.csv
Guardian International Limited,company_allocated_land,11,annex_01_companies_alloacted_land.csv
Guiness E A Ltd,company_allocated_land,11,annex_01_companies_alloacted_land.csv
Hak Properties Limited,company_allocated_land,11,annex_01_companies_alloacted_land.csv
Hammer Heads Ltd,company_allocated_land,11,annex_01_companies_alloacted_land.csv
Hancarken Investments,company_allocated_land,11,annex_01_companies_alloacted_land.csv
Hassanali Holdings Ltd,company_allocated_land,11,annex_01_companies_alloacted_land.csv
Havawa Properties Ltd,company_allocated_land,11,annex_01_companies_alloacted_land.csv
Heka Investmnets,company_allocated_land,11,annex_01_companies_alloacted_land.csv
Hekimwe Investment Ltd,company_allocated_land,11,annex_01_companies_alloacted_land.csv
Helix Trading Ltd,company_allocated_land,11,annex_01_companies_alloacted_land.csv
Hema Investments Ltd,company_allocated_land,11,annex_01_companies_alloacted_land.csv
Hemingway Holding Limited,company_allocated_land,11,annex_01_companies_alloacted_land.csv
Heron Trading Co. Ltd,company_allocated_land,11,annex_01_companies_alloacted_land.csv
Hesam Investments,company_allocated_land,11,annex_01_companies_alloacted_land.csv
Hexsam Investment,company_allocated_land,11,annex_01_companies_alloacted_land.csv
Hjedac Investments Limited,company_allocated_land,11,annex_01_companies_alloacted_land.csv
Hogo Holdings Limited,company_allocated_land,11,annex_01_companies_alloacted_land.csv
Homegrown (K) Ltd,company_allocated_land,11,annex_01_companies_alloacted_land.csv
Honey Sweet Confectioneries,company_allocated_land,11,annex_01_companies_alloacted_land.csv
Hope Nursing Home Ltd,company_allocated_land,11,annex_01_companies_alloacted_land.csv
Ilula Investment,company_allocated_land,11,annex_01_companies_alloacted_land.csv
Inland Agencies Ltd.,company_allocated_land,11,annex_01_companies_alloacted_land.csv
Inno Pacific Developers Ltd,company_allocated_land,11,annex_01_companies_alloacted_land.csv
Intaspan Ltd,company_allocated_land,11,annex_01_companies_alloacted_land.csv
Intercell Holdings Ltd,company_allocated_land,11,annex_01_companies_alloacted_land.csv
Intercom Insurance Ltd,company_allocated_land,11,annex_01_companies_alloacted_land.csv
Interfarms Enterprises Ltd,company_allocated_land,11,annex_01_companies_alloacted_land.csv
International (K) Ltd,company_allocated_land,11,annex_01_companies_alloacted_land.csv
Interplannet Clearing & Forwarding,company_allocated_land,11,annex_01_companies_alloacted_land.csv
Intona Ranch Limited,company_allocated_land,11,annex_01_companies_alloacted_land.csv
Investcope Holdings Limited,company_allocated_land,12,annex_01_companies_alloacted_land.csv
Isanda Farm,company_allocated_land,12,annex_01_companies_alloacted_land.csv
Isotec Ltd,company_allocated_land,12,annex_01_companies_alloacted_land.csv
Jagla Enterprises,company_allocated_land,12,annex_01_companies_alloacted_land.csv
Japhet Mugambi (K) Ltd,company_allocated_land,12,annex_01_companies_alloacted_land.csv
Japhet Mugambi (K) Ltd,company_allocated_land,12,annex_01_companies_alloacted_land.csv
Jariam Holdings,company_allocated_land,12,annex_01_companies_alloacted_land.csv
Jema Holdings,company_allocated_land,12,annex_01_companies_alloacted_land.csv
Jimben Investments Ltd,company_allocated_land,12,annex_01_companies_alloacted_land.csv
Jimbim lnvestments Ltd,company_allocated_land,12,annex_01_companies_alloacted_land.csv
Jingle Jungle Ltd,company_allocated_land,12,annex_01_companies_alloacted_land.csv
Joem Services,company_allocated_land,12,annex_01_companies_alloacted_land.csv
Joesko Enterprises,company_allocated_land,12,annex_01_companies_alloacted_land.csv
Jogolo Enterprises Ltd,company_allocated_land,12,annex_01_companies_alloacted_land.csv
Jolly Ventures Limited,company_allocated_land,12,annex_01_companies_alloacted_land.csv
Jomiko Investments,company_allocated_land,12,annex_01_companies_alloacted_land.csv
Jose Enterprises,company_allocated_land,12,annex_01_companies_alloacted_land.csv
Josgid Ltd,company_allocated_land,12,annex_01_companies_alloacted_land.csv
Jubilee Insurance Co.,company_allocated_land,12,annex_01_companies_alloacted_land.csv
Juma Investment,company_allocated_land,12,annex_01_companies_alloacted_land.csv
Jusan Ltd,company_allocated_land,12,annex_01_companies_alloacted_land.csv
K. K. United Technologies Ltd,company_allocated_land,12,annex_01_companies_alloacted_land.csv
Kabasiso Ltd,company_allocated_land,12,annex_01_companies_alloacted_land.csv
Kabibi Holdings,company_allocated_land,12,annex_01_companies_alloacted_land.csv
Kabuito Contractors Ltd,company_allocated_land,12,annex_01_companies_alloacted_land.csv
Kagumo Holdings Ltd,company_allocated_land,12,annex_01_companies_alloacted_land.csv
Kaitui Enterprises Co.Ltd,company_allocated_land,12,annex_01_companies_alloacted_land.csv
Kama Agencies Ltd,company_allocated_land,12,annex_01_companies_alloacted_land.csv
Kamau Family Investment Ltd,company_allocated_land,12,annex_01_companies_alloacted_land.csv
Kametha Properties Ltd,company_allocated_land,12,annex_01_companies_alloacted_land.csv
Kamulwe Agencies Ltd,company_allocated_land,12,annex_01_companies_alloacted_land.csv
Kan Investments,company_allocated_land,12,annex_01_companies_alloacted_land.csv
Kannysam Investments Ltd,company_allocated_land,12,annex_01_companies_alloacted_land.csv
Kao Yen Kenya Limited,company_allocated_land,12,annex_01_companies_alloacted_land.csv
Kapsambu Investments,company_allocated_land,12,annex_01_companies_alloacted_land.csv
Kapset Investments Ltd,company_allocated_land,12,annex_01_companies_alloacted_land.csv
Kapset Ltd,company_allocated_land,13,annex_01_companies_alloacted_land.csv
Karandi Form Limited,company_allocated_land,13,annex_01_companies_alloacted_land.csv
Karibuni Impex Limited,company_allocated_land,13,annex_01_companies_alloacted_land.csv
Karis Investment,company_allocated_land,13,annex_01_companies_alloacted_land.csv
Katangi Developers Ltd,company_allocated_land,13,annex_01_companies_alloacted_land.csv
Katendewa Ltd,company_allocated_land,13,annex_01_companies_alloacted_land.csv
Katikem Enterprises,company_allocated_land,13,annex_01_companies_alloacted_land.csv
Katiken Enterprise,company_allocated_land,13,annex_01_companies_alloacted_land.csv
Kaushik Chotalal Pabari,company_allocated_land,13,annex_01_companies_alloacted_land.csv
Kayama Holdings Ltd,company_allocated_land,13,annex_01_companies_alloacted_land.csv
Kayson (K) Ltd,company_allocated_land,13,annex_01_companies_alloacted_land.csv
Kazuri Enterprises Ltd,company_allocated_land,13,annex_01_companies_alloacted_land.csv
Kebasico Ltd.,company_allocated_land,13,annex_01_companies_alloacted_land.csv
Kebirigo General Stores,company_allocated_land,13,annex_01_companies_alloacted_land.csv
Kehamoz Holdings Ltd.,company_allocated_land,13,annex_01_companies_alloacted_land.csv
Keimas Investments Limited,company_allocated_land,13,annex_01_companies_alloacted_land.csv
Kelmas Investment,company_allocated_land,13,annex_01_companies_alloacted_land.csv
Ken Tools Ltd.,company_allocated_land,13,annex_01_companies_alloacted_land.csv
Kenamor Holdings Ltd,company_allocated_land,13,annex_01_companies_alloacted_land.csv
Kenmosa Holdings Co. Ltd.,company_allocated_land,13,annex_01_companies_alloacted_land.csv
Kenol Petrol Station,company_allocated_land,13,annex_01_companies_alloacted_land.csv
Kenon Enter. Ltd.,company_allocated_land,13,annex_01_companies_alloacted_land.csv
Kenya Containers Ltd,company_allocated_land,13,annex_01_companies_alloacted_land.csv
Kenya Hotels Ltd,company_allocated_land,13,annex_01_companies_alloacted_land.csv
Kenya Re-Insurance Co. Ltd,company_allocated_land,13,annex_01_companies_alloacted_land.csv
Kenya Tyres Ltd,company_allocated_land,13,annex_01_companies_alloacted_land.csv
Kerio Farms Ltd,company_allocated_land,13,annex_01_companies_alloacted_land.csv
Kiambu Dandora Farmers Company,company_allocated_land,13,annex_01_companies_alloacted_land.csv
Kiaruhi Investment,company_allocated_land,13,annex_01_companies_alloacted_land.csv
Kibelsoi Investments,company_allocated_land,13,annex_01_companies_alloacted_land.csv
Kibera Cinema Limited,company_allocated_land,13,annex_01_companies_alloacted_land.csv
Kigowor(K)Ltd.,company_allocated_land,13,annex_01_companies_alloacted_land.csv
Kihuro Holdings Limited,company_allocated_land,13,annex_01_companies_alloacted_land.csv
Kima Nico Farm,company_allocated_land,13,annex_01_companies_alloacted_land.csv
Kimmo Limited,company_allocated_land,13,annex_01_companies_alloacted_land.csv
Kingsway Motors (K) Ltd,company_allocated_land,13,annex_01_companies_alloacted_land.csv
Kipkenda Investments,company_allocated_land,14,annex_01_companies_alloacted_land.csv
Kipsinende Ltd,company_allocated_land,14,annex_01_companies_alloacted_land.csv
Kipsirgoi Invest. Ltd.,company_allocated_land,14,annex_01_companies_alloacted_land.csv
Kiptagich Tea Estates Ltd,company_allocated_land,14,annex_01_companies_alloacted_land.csv
Kisima Management Ltd,company_allocated_land,14,annex_01_companies_alloacted_land.csv
Kisomok Traders,company_allocated_land,14,annex_01_companies_alloacted_land.csv
Kitambo Agencies Ltd,company_allocated_land,14,annex_01_companies_alloacted_land.csv
Kitisuru Limited,company_allocated_land,14,annex_01_companies_alloacted_land.csv
Kizira Investiment,company_allocated_land,14,annex_01_companies_alloacted_land.csv
Kiztra Investment,company_allocated_land,14,annex_01_companies_alloacted_land.csv
Kogna Limited,company_allocated_land,14,annex_01_companies_alloacted_land.csv
Komakos Ltd,company_allocated_land,14,annex_01_companies_alloacted_land.csv
Komora Holding Ltd,company_allocated_land,14,annex_01_companies_alloacted_land.csv
Kona Njoro Firm,company_allocated_land,14,annex_01_companies_alloacted_land.csv
Kooto (Kenya) Ltd,company_allocated_land,14,annex_01_companies_alloacted_land.csv
Kowloon Limited,company_allocated_land,14,annex_01_companies_alloacted_land.csv
Kozi Investment Ltd,company_allocated_land,14,annex_01_companies_alloacted_land.csv
Desahe Investment Limited,company_allocated_land,14,annex_01_companies_alloacted_land.csv
Tahir Sheik Said Investment,company_allocated_land,14,annex_01_companies_alloacted_land.csv
Krystalline Salt Works Ltd,company_allocated_land,14,annex_01_companies_alloacted_land.csv
Kulaka Agencies Ltd;,company_allocated_land,14,annex_01_companies_alloacted_land.csv
Kutus Saw Mill Ltd.,company_allocated_land,14,annex_01_companies_alloacted_land.csv
Kwaai Water Enterprice Ltd.,company_allocated_land,14,annex_01_companies_alloacted_land.csv
La Pieve Ltd,company_allocated_land,14,annex_01_companies_alloacted_land.csv
Laiti Traders Limited,company_allocated_land,14,annex_01_companies_alloacted_land.csv
Lally Farm Limited,company_allocated_land,14,annex_01_companies_alloacted_land.csv
Lamu Enterprises Ltd,company_allocated_land,14,annex_01_companies_alloacted_land.csv
Lassy Enterprises Ltd,company_allocated_land,14,annex_01_companies_alloacted_land.csv
Le Kuna co Ltd.,company_allocated_land,14,annex_01_companies_alloacted_land.csv
Leap Investments,company_allocated_land,14,annex_01_companies_alloacted_land.csv
Leberio Farm Ltd,company_allocated_land,14,annex_01_companies_alloacted_land.csv
Leltaet Flowers,company_allocated_land,14,annex_01_companies_alloacted_land.csv
LEMU Company Ltd,company_allocated_land,14,annex_01_companies_alloacted_land.csv
Lessan Hardwares Company Ltd,company_allocated_land,14,annex_01_companies_alloacted_land.csv
Lewinson Enterprises Ltd,company_allocated_land,14,annex_01_companies_alloacted_land.csv
Lewisen Enterprises,company_allocated_land,14,annex_01_companies_alloacted_land.csv
Leyko Driving School,company_allocated_land,15,annex_01_companies_alloacted_land.csv
Lima Limited,company_allocated_land,15,annex_01_companies_alloacted_land.csv
Linrose Investment Ltd,company_allocated_land,15,annex_01_companies_alloacted_land.csv
Linto Limited,company_allocated_land,15,annex_01_companies_alloacted_land.csv
Little Meadows,company_allocated_land,15,annex_01_companies_alloacted_land.csv
Loresho Ridge Nursery School Ltd,company_allocated_land,15,annex_01_companies_alloacted_land.csv
Lubichi Enterprises,company_allocated_land,15,annex_01_companies_alloacted_land.csv
Lubids Enterprises,company_allocated_land,15,annex_01_companies_alloacted_land.csv
Lukuyani Enterprises Limited,company_allocated_land,15,annex_01_companies_alloacted_land.csv
Lunda Enterprises,company_allocated_land,15,annex_01_companies_alloacted_land.csv
Lwiney Agencis Ltd,company_allocated_land,15,annex_01_companies_alloacted_land.csv
Lyonnaise Developerd Ltd,company_allocated_land,15,annex_01_companies_alloacted_land.csv
M K Holdings Ltd,company_allocated_land,15,annex_01_companies_alloacted_land.csv
MS Kamau Agencies Ltd.,company_allocated_land,15,annex_01_companies_alloacted_land.csv
M/S Kithaayani Invest. Ltd,company_allocated_land,15,annex_01_companies_alloacted_land.csv
M/s Match Designers Ltd,company_allocated_land,15,annex_01_companies_alloacted_land.csv
M/S Muranga Invest. Ltd.,company_allocated_land,15,annex_01_companies_alloacted_land.csv
M/S Simmi Tech.,company_allocated_land,15,annex_01_companies_alloacted_land.csv
M/S T. Investment Ltd.,company_allocated_land,15,annex_01_companies_alloacted_land.csv
Maac Enterprises,company_allocated_land,15,annex_01_companies_alloacted_land.csv
Maanjen Limited,company_allocated_land,15,annex_01_companies_alloacted_land.csv
Macheo Ltd,company_allocated_land,15,annex_01_companies_alloacted_land.csv
Maciazinex Africa Co. Ltd,company_allocated_land,15,annex_01_companies_alloacted_land.csv
Magneto Developpers Ltd,company_allocated_land,15,annex_01_companies_alloacted_land.csv
Magut Agencies Co. Ltd.,company_allocated_land,15,annex_01_companies_alloacted_land.csv
Maiya Consultants Ltd.,company_allocated_land,15,annex_01_companies_alloacted_land.csv
Maino Holdings,company_allocated_land,15,annex_01_companies_alloacted_land.csv
Maiya Consultants Ltd.,company_allocated_land,15,annex_01_companies_alloacted_land.csv
Makatiat Limited,company_allocated_land,15,annex_01_companies_alloacted_land.csv
Makom Investment Ltd.,company_allocated_land,15,annex_01_companies_alloacted_land.csv
Makori Investment limited,company_allocated_land,15,annex_01_companies_alloacted_land.csv
Malan Limited,company_allocated_land,15,annex_01_companies_alloacted_land.csv
Malar Limited,company_allocated_land,15,annex_01_companies_alloacted_land.csv
Mamburui Investments Ltd,company_allocated_land,15,annex_01_companies_alloacted_land.csv
Mamuge Properties Ltd,company_allocated_land,15,annex_01_companies_alloacted_land.csv
Mamumu Agencies,company_allocated_land,15,annex_01_companies_alloacted_land.csv
Mamusu Enterprises Ltd,company_allocated_land,16,annex_01_companies_alloacted_land.csv
Mana Enterprises,company_allocated_land,16,annex_01_companies_alloacted_land.csv
Manchester Outfitters,company_allocated_land,16,annex_01_companies_alloacted_land.csv
Manchewa Enterprises Ltd,company_allocated_land,16,annex_01_companies_alloacted_land.csv
Manjen Ltd,company_allocated_land,16,annex_01_companies_alloacted_land.csv
Mansur Dharani & Others,company_allocated_land,16,annex_01_companies_alloacted_land.csv
Manyatta Paradise,company_allocated_land,16,annex_01_companies_alloacted_land.csv
Marignane Air Fret (K) Ltd,company_allocated_land,16,annex_01_companies_alloacted_land.csv
Marigold Properties Ltd,company_allocated_land,16,annex_01_companies_alloacted_land.csv
Marionson Holding Limited,company_allocated_land,16,annex_01_companies_alloacted_land.csv
Mark Fam Investment Ltd,company_allocated_land,16,annex_01_companies_alloacted_land.csv
Markat Enterprises,company_allocated_land,16,annex_01_companies_alloacted_land.csv
Mart Properties Limited,company_allocated_land,16,annex_01_companies_alloacted_land.csv
Masagwe Enterprises Ltd,company_allocated_land,16,annex_01_companies_alloacted_land.csv
Masai Villas Ltd,company_allocated_land,16,annex_01_companies_alloacted_land.csv
Masor Investments Ltd,company_allocated_land,16,annex_01_companies_alloacted_land.csv
Masor Investments Ltd,company_allocated_land,16,annex_01_companies_alloacted_land.csv
Mathakua Developers Ltd,company_allocated_land,16,annex_01_companies_alloacted_land.csv
Matika Ltd,company_allocated_land,16,annex_01_companies_alloacted_land.csv
Maya Consultants Ltd,company_allocated_land,16,annex_01_companies_alloacted_land.csv
Mayfair Holdings,company_allocated_land,16,annex_01_companies_alloacted_land.csv
Mbimbra Enterprises,company_allocated_land,16,annex_01_companies_alloacted_land.csv
Meat WholeSalers Ltd,company_allocated_land,16,annex_01_companies_alloacted_land.csv
Meatons (K) Ltd,company_allocated_land,16,annex_01_companies_alloacted_land.csv
Medipra Limited,company_allocated_land,16,annex_01_companies_alloacted_land.csv
Meghi Shah & Sons Ltd,company_allocated_land,16,annex_01_companies_alloacted_land.csv
Memual Ltd,company_allocated_land,16,annex_01_companies_alloacted_land.csv
Menchewa Enterprises,company_allocated_land,16,annex_01_companies_alloacted_land.csv
Mental Sales Limited,company_allocated_land,16,annex_01_companies_alloacted_land.csv
Metropolitan Tea Brokers Ltd,company_allocated_land,16,annex_01_companies_alloacted_land.csv
Miano Holdings Ltd,company_allocated_land,16,annex_01_companies_alloacted_land.csv
Mid Kanja Enterprises,company_allocated_land,16,annex_01_companies_alloacted_land.csv
Mid-Kenya Enterprises,company_allocated_land,16,annex_01_companies_alloacted_land.csv
Mildas Limited,company_allocated_land,16,annex_01_companies_alloacted_land.csv
Mitrac Enterprises Ltd,company_allocated_land,16,annex_01_companies_alloacted_land.csv
Modern Ventures Ltd,company_allocated_land,16,annex_01_companies_alloacted_land.csv
Mokar Investment Ltd,company_allocated_land,17,annex_01_companies_alloacted_land.csv
Molar Investiments Ltd,company_allocated_land,17,annex_01_companies_alloacted_land.csv
Moledina Enterprises Ltd,company_allocated_land,17,annex_01_companies_alloacted_land.csv
Mombasa Highride Holdings,company_allocated_land,17,annex_01_companies_alloacted_land.csv
Monda & Co.,company_allocated_land,17,annex_01_companies_alloacted_land.csv
Monda Investments,company_allocated_land,17,annex_01_companies_alloacted_land.csv
Montebelle Holdings Limited,company_allocated_land,17,annex_01_companies_alloacted_land.csv
Motor Mart Investment Corporation Ltd,company_allocated_land,17,annex_01_companies_alloacted_land.csv
Mount Swiss Developers (K) Ltd,company_allocated_land,17,annex_01_companies_alloacted_land.csv
Mountpellies Holdings Ltd,company_allocated_land,17,annex_01_companies_alloacted_land.csv
Movado Holdings Ltd,company_allocated_land,17,annex_01_companies_alloacted_land.csv
Mt. Kenya Gems Ltd,company_allocated_land,17,annex_01_companies_alloacted_land.csv
Mtaa Holdings Ltd,company_allocated_land,17,annex_01_companies_alloacted_land.csv
Muge Enterprises Ltd,company_allocated_land,17,annex_01_companies_alloacted_land.csv
Muhigia Saving & Credit Ltd,company_allocated_land,17,annex_01_companies_alloacted_land.csv
Muibu Enterprises,company_allocated_land,17,annex_01_companies_alloacted_land.csv
Muigai Commercial Agencies,company_allocated_land,17,annex_01_companies_alloacted_land.csv
Muitungu Ltd,company_allocated_land,17,annex_01_companies_alloacted_land.csv
Mukuka Holdings Ltd,company_allocated_land,17,annex_01_companies_alloacted_land.csv
Mukweso Enterprises,company_allocated_land,17,annex_01_companies_alloacted_land.csv
Mumo Agencies,company_allocated_land,17,annex_01_companies_alloacted_land.csv
Muringa Investments,company_allocated_land,17,annex_01_companies_alloacted_land.csv
Muska Holdings,company_allocated_land,17,annex_01_companies_alloacted_land.csv
Mutatara Enterpri ses Ltd.,company_allocated_land,17,annex_01_companies_alloacted_land.csv
Mutige Kiboti &Co.,company_allocated_land,17,annex_01_companies_alloacted_land.csv
Muwakimu Agencies,company_allocated_land,17,annex_01_companies_alloacted_land.csv
Mwachumac Enterprises,company_allocated_land,17,annex_01_companies_alloacted_land.csv
N.K. Brothers,company_allocated_land,17,annex_01_companies_alloacted_land.csv
Naki Investments Ltd.,company_allocated_land,17,annex_01_companies_alloacted_land.csv
Nakuru Automobile House Limited,company_allocated_land,17,annex_01_companies_alloacted_land.csv
Namakoye Enterprises,company_allocated_land,17,annex_01_companies_alloacted_land.csv
Namawa Enterprises,company_allocated_land,17,annex_01_companies_alloacted_land.csv
Nandial And Co. Ltd.,company_allocated_land,17,annex_01_companies_alloacted_land.csv
Napendre Guasar Shah,company_allocated_land,17,annex_01_companies_alloacted_land.csv
National Oil Corporation of Kenya Ltd,company_allocated_land,17,annex_01_companies_alloacted_land.csv
Ndema Enterprises,company_allocated_land,17,annex_01_companies_alloacted_land.csv
Ndalaview Services Station Ltd,company_allocated_land,18,annex_01_companies_alloacted_land.csv
Nears Limited,company_allocated_land,18,annex_01_companies_alloacted_land.csv
Neema Garf=dens Flats Limited,company_allocated_land,18,annex_01_companies_alloacted_land.csv
Nehiru Investments Ltd,company_allocated_land,18,annex_01_companies_alloacted_land.csv
Nest Trustees Ltd,company_allocated_land,18,annex_01_companies_alloacted_land.csv
Nestcape Enterprises Ltd,company_allocated_land,18,annex_01_companies_alloacted_land.csv
Nexus Holdings Ltd,company_allocated_land,18,annex_01_companies_alloacted_land.csv
Nguren Holdings Limited,company_allocated_land,18,annex_01_companies_alloacted_land.csv
Niagara Base Metallic Ltd,company_allocated_land,18,annex_01_companies_alloacted_land.csv
Nile Source Investments Ltd,company_allocated_land,18,annex_01_companies_alloacted_land.csv
Nisha Printers Limited,company_allocated_land,18,annex_01_companies_alloacted_land.csv
Njeki Agencies Limited,company_allocated_land,18,annex_01_companies_alloacted_land.csv
Njiru Ageria Development Co. Ltd,company_allocated_land,18,annex_01_companies_alloacted_land.csv
Njundo Trading Co. Ltd,company_allocated_land,18,annex_01_companies_alloacted_land.csv
Nokin Investments Limited,company_allocated_land,18,annex_01_companies_alloacted_land.csv
Norlake Investment Ltd,company_allocated_land,18,annex_01_companies_alloacted_land.csv
Northfield International Ltd,company_allocated_land,18,annex_01_companies_alloacted_land.csv
Nova Holdings Ltd,company_allocated_land,18,annex_01_companies_alloacted_land.csv
Nucor Steel Enterprises Ltd,company_allocated_land,18,annex_01_companies_alloacted_land.csv
Nyagoto Investment Ltd,company_allocated_land,18,annex_01_companies_alloacted_land.csv
Nyai Enterprises,company_allocated_land,18,annex_01_companies_alloacted_land.csv
Nyama Gi Were Ltd,company_allocated_land,18,annex_01_companies_alloacted_land.csv
Nyangamara Limited,company_allocated_land,18,annex_01_companies_alloacted_land.csv
Oak Enterprises,company_allocated_land,18,annex_01_companies_alloacted_land.csv
Oakland Medipra,company_allocated_land,18,annex_01_companies_alloacted_land.csv
Obeid Trading Company,company_allocated_land,18,annex_01_companies_alloacted_land.csv
Ocean View Plaza Ltd,company_allocated_land,18,annex_01_companies_alloacted_land.csv
Octers Holding Ltd,company_allocated_land,18,annex_01_companies_alloacted_land.csv
Okinawa Enterprises Ltd,company_allocated_land,18,annex_01_companies_alloacted_land.csv
Olkalou Central Farmaers Co-op Society,company_allocated_land,18,annex_01_companies_alloacted_land.csv
Optimum Lubricators Ltd,company_allocated_land,18,annex_01_companies_alloacted_land.csv
Oseng Properties Ltd,company_allocated_land,18,annex_01_companies_alloacted_land.csv
Oterter Properties Ltd,company_allocated_land,18,annex_01_companies_alloacted_land.csv
Outfit Co. Ltd,company_allocated_land,18,annex_01_companies_alloacted_land.csv
P M Atoo Company,company_allocated_land,18,annex_01_companies_alloacted_land.csv
Pala Index Co. Ltd,company_allocated_land,18,annex_01_companies_alloacted_land.csv
Pamus Ecomo Investments,company_allocated_land,19,annex_01_companies_alloacted_land.csv
Panal Enterprises Ltd,company_allocated_land,19,annex_01_companies_alloacted_land.csv
Panc Hardware Products Ltd.,company_allocated_land,19,annex_01_companies_alloacted_land.csv
Panda Agencies,company_allocated_land,19,annex_01_companies_alloacted_land.csv
Pangos Limited,company_allocated_land,19,annex_01_companies_alloacted_land.csv
Panola Services,company_allocated_land,19,annex_01_companies_alloacted_land.csv
Patek enterprices Ltd,company_allocated_land,19,annex_01_companies_alloacted_land.csv
Pats Holdings Ltd,company_allocated_land,19,annex_01_companies_alloacted_land.csv
Paul Billy Muhia Ngugi Muringa Investments Ltd.,company_allocated_land,19,annex_01_companies_alloacted_land.csv
Peak Batian Investments,company_allocated_land,19,annex_01_companies_alloacted_land.csv
Pelican Engineering & Construction Co. Ltd,company_allocated_land,19,annex_01_companies_alloacted_land.csv
Perce Enterprises Ltd,company_allocated_land,19,annex_01_companies_alloacted_land.csv
Pesal Enterprises,company_allocated_land,19,annex_01_companies_alloacted_land.csv
Phenny Holdings Limited,company_allocated_land,19,annex_01_companies_alloacted_land.csv
Phoenix egistrars Limited,company_allocated_land,19,annex_01_companies_alloacted_land.csv
Pierce Enterprises Ltd,company_allocated_land,19,annex_01_companies_alloacted_land.csv
Plantex Ltd,company_allocated_land,19,annex_01_companies_alloacted_land.csv
Plasto Industries Ltd,company_allocated_land,19,annex_01_companies_alloacted_land.csv
Polyfed Ltd,company_allocated_land,19,annex_01_companies_alloacted_land.csv
Portfino Developers Ltd,company_allocated_land,19,annex_01_companies_alloacted_land.csv
Pralscot company Ltd,company_allocated_land,19,annex_01_companies_alloacted_land.csv
Prestige Properties Ltd,company_allocated_land,19,annex_01_companies_alloacted_land.csv
Priority Ltd.,company_allocated_land,19,annex_01_companies_alloacted_land.csv
Prosper Projects Ltd,company_allocated_land,19,annex_01_companies_alloacted_land.csv
Protent Luwest Ltd,company_allocated_land,19,annex_01_companies_alloacted_land.csv
Pumwani Service Station Ltd.,company_allocated_land,19,annex_01_companies_alloacted_land.csv
Purmic Agencies,company_allocated_land,19,annex_01_companies_alloacted_land.csv
Pyramid Management Services Ltd,company_allocated_land,19,annex_01_companies_alloacted_land.csv
Quality Management Ltd,company_allocated_land,19,annex_01_companies_alloacted_land.csv
Quenie Ltd,company_allocated_land,19,annex_01_companies_alloacted_land.csv
Racla Ltd,company_allocated_land,19,annex_01_companies_alloacted_land.csv
Rafiki Enterprises Ltd.,company_allocated_land,19,annex_01_companies_alloacted_land.csv
Ragati Investments Limited,company_allocated_land,19,annex_01_companies_alloacted_land.csv
Rahole Enterprises,company_allocated_land,19,annex_01_companies_alloacted_land.csv
Ramji Ratna&Co.Ltd.,company_allocated_land,19,annex_01_companies_alloacted_land.csv
Rapsel Ltd.,company_allocated_land,19,annex_01_companies_alloacted_land.csv
Rawai & Co. Limited,company_allocated_land,20,annex_01_companies_alloacted_land.csv
Realite Limited,company_allocated_land,20,annex_01_companies_alloacted_land.csv
Research Management Services,company_allocated_land,20,annex_01_companies_alloacted_land.csv
Redate Investment limited,company_allocated_land,20,annex_01_companies_alloacted_land.csv
Redwood Properties Ltd,company_allocated_land,20,annex_01_companies_alloacted_land.csv
Rejon Investment,company_allocated_land,20,annex_01_companies_alloacted_land.csv
Rhino Safaris,company_allocated_land,20,annex_01_companies_alloacted_land.csv
Rhoneb Enterprises Limited,company_allocated_land,20,annex_01_companies_alloacted_land.csv
Richerly Assurance Co. Ltd,company_allocated_land,20,annex_01_companies_alloacted_land.csv
Rielco Co. Ltd,company_allocated_land,20,annex_01_companies_alloacted_land.csv
Rockbreeze Limited,company_allocated_land,20,annex_01_companies_alloacted_land.csv
Roman Bronze Enterprises Ltd,company_allocated_land,20,annex_01_companies_alloacted_land.csv
Romli Agencies Limited,company_allocated_land,20,annex_01_companies_alloacted_land.csv
Roseco Investments Limited,company_allocated_land,20,annex_01_companies_alloacted_land.csv
Royal Ahold Co. Ltd,company_allocated_land,20,annex_01_companies_alloacted_land.csv
Royal Holding Co. Ltd,company_allocated_land,20,annex_01_companies_alloacted_land.csv
Saaster Holdings Co. Ltd,company_allocated_land,20,annex_01_companies_alloacted_land.csv
Sachagwan Co. Ltd,company_allocated_land,20,annex_01_companies_alloacted_land.csv
SAF(KENYA) Limited,company_allocated_land,20,annex_01_companies_alloacted_land.csv
Sajun Ltd,company_allocated_land,20,annex_01_companies_alloacted_land.csv
Sajur Ltd,company_allocated_land,20,annex_01_companies_alloacted_land.csv
Salama Investment,company_allocated_land,20,annex_01_companies_alloacted_land.csv
Sama Investment,company_allocated_land,20,annex_01_companies_alloacted_land.csv
SSamat Investment Company,company_allocated_land,20,annex_01_companies_alloacted_land.csv
Samay Singh & Other,company_allocated_land,20,annex_01_companies_alloacted_land.csv
Samu Ltd,company_allocated_land,20,annex_01_companies_alloacted_land.csv
Samuli Investments Ltd,company_allocated_land,20,annex_01_companies_alloacted_land.csv
Sam Palm Ltd,company_allocated_land,20,annex_01_companies_alloacted_land.csv
Sarit General Suppliers,company_allocated_land,20,annex_01_companies_alloacted_land.csv
Saron's DC LTD,company_allocated_land,20,annex_01_companies_alloacted_land.csv
Sasil General Suppliers,company_allocated_land,20,annex_01_companies_alloacted_land.csv
Satima Enterprises,company_allocated_land,20,annex_01_companies_alloacted_land.csv
Sawagongo Seventy Eight Ltd,company_allocated_land,20,annex_01_companies_alloacted_land.csv
Seann Agencies,company_allocated_land,20,annex_01_companies_alloacted_land.csv
Scanner Agencies,company_allocated_land,20,annex_01_companies_alloacted_land.csv
Seef Project Co. Ltd,company_allocated_land,20,annex_01_companies_alloacted_land.csv
Sekande Investments Ltd,company_allocated_land,21,annex_01_companies_alloacted_land.csv
Selpho Ltd,company_allocated_land,21,annex_01_companies_alloacted_land.csv
Senator Registrars Limited,company_allocated_land,21,annex_01_companies_alloacted_land.csv
Sendor Serv. Ltd,company_allocated_land,21,annex_01_companies_alloacted_land.csv
Seneca Holdings Ltd,company_allocated_land,21,annex_01_companies_alloacted_land.csv
Sepro Ltd,company_allocated_land,21,annex_01_companies_alloacted_land.csv
Serious Holdings Limited,company_allocated_land,21,annex_01_companies_alloacted_land.csv
Seven Bulls Ltd.,company_allocated_land,21,annex_01_companies_alloacted_land.csv
Sewenel limited,company_allocated_land,21,annex_01_companies_alloacted_land.csv
Shaba Travel Agency Ltd.,company_allocated_land,21,annex_01_companies_alloacted_land.csv
Shabiby Transport Services Ltd,company_allocated_land,21,annex_01_companies_alloacted_land.csv
Shalimar Flowers (K) Ltd,company_allocated_land,21,annex_01_companies_alloacted_land.csv
Shaque Holdings Ltd,company_allocated_land,21,annex_01_companies_alloacted_land.csv
Sharjah trading Co.Ltd.,company_allocated_land,21,annex_01_companies_alloacted_land.csv
Shepherd Fields Ltd,company_allocated_land,21,annex_01_companies_alloacted_land.csv
Shepherds Junior School Ltd,company_allocated_land,21,annex_01_companies_alloacted_land.csv
Shrikisho General Stores Ltd.,company_allocated_land,21,annex_01_companies_alloacted_land.csv
Shetnia Credit Ltd,company_allocated_land,21,annex_01_companies_alloacted_land.csv
Shiloah Investments Ltd,company_allocated_land,21,annex_01_companies_alloacted_land.csv
Shukurani Ent. Ltd.,company_allocated_land,21,annex_01_companies_alloacted_land.csv
Shutter Development Ltd,company_allocated_land,21,annex_01_companies_alloacted_land.csv
Sian Enterprises,company_allocated_land,21,annex_01_companies_alloacted_land.csv
Sidika Enterprise,company_allocated_land,21,annex_01_companies_alloacted_land.csv
Siele Properties,company_allocated_land,21,annex_01_companies_alloacted_land.csv
Sigimon Limited,company_allocated_land,21,annex_01_companies_alloacted_land.csv
Siginon Freight Ltd,company_allocated_land,21,annex_01_companies_alloacted_land.csv
Sigira Enterprises,company_allocated_land,21,annex_01_companies_alloacted_land.csv
Sigisson Freight Ltd,company_allocated_land,21,annex_01_companies_alloacted_land.csv
Siken Farm Ltd,company_allocated_land,21,annex_01_companies_alloacted_land.csv
Silk Investment Ltd,company_allocated_land,21,annex_01_companies_alloacted_land.csv
Silk Sea Estae Ltd,company_allocated_land,21,annex_01_companies_alloacted_land.csv
Silver Crest Enterprises Limited,company_allocated_land,21,annex_01_companies_alloacted_land.csv
Simmi Technics,company_allocated_land,21,annex_01_companies_alloacted_land.csv
Simphi Dev. Co. Ltd,company_allocated_land,21,annex_01_companies_alloacted_land.csv
Siruti Investments Limited,company_allocated_land,21,annex_01_companies_alloacted_land.csv
Sixty Four Centre Ltd,company_allocated_land,21,annex_01_companies_alloacted_land.csv
Skedla System Ltd,company_allocated_land,22,annex_01_companies_alloacted_land.csv
Snonker Petroleum Company Ltd,company_allocated_land,22,annex_01_companies_alloacted_land.csv
Soet K. Ltd,company_allocated_land,22,annex_01_companies_alloacted_land.csv
Sofracom International Ltd,company_allocated_land,22,annex_01_companies_alloacted_land.csv
Solanite Limited,company_allocated_land,22,annex_01_companies_alloacted_land.csv
Somog Ltd,company_allocated_land,22,annex_01_companies_alloacted_land.csv
Sonatawi Ltd,company_allocated_land,22,annex_01_companies_alloacted_land.csv
Soni Technical Services Ltd,company_allocated_land,22,annex_01_companies_alloacted_land.csv
Soneth Ltd,company_allocated_land,22,annex_01_companies_alloacted_land.csv
Sosik Ltd,company_allocated_land,22,annex_01_companies_alloacted_land.csv
SOSO Investments,company_allocated_land,22,annex_01_companies_alloacted_land.csv
Sote Limited,company_allocated_land,22,annex_01_companies_alloacted_land.csv
South Western Enterprises Ltd,company_allocated_land,22,annex_01_companies_alloacted_land.csv
Spring Bank Investmehts Limited,company_allocated_land,22,annex_01_companies_alloacted_land.csv
Stanmore Investment LTD,company_allocated_land,22,annex_01_companies_alloacted_land.csv
Sterida Investment Ltd,company_allocated_land,22,annex_01_companies_alloacted_land.csv
Sterod Investment Ltd,company_allocated_land,22,annex_01_companies_alloacted_land.csv
Stirling Astaldi(Africa) Ltd,company_allocated_land,22,annex_01_companies_alloacted_land.csv
Stone Industries Ltd.,company_allocated_land,22,annex_01_companies_alloacted_land.csv
Stone Wave Ltd,company_allocated_land,22,annex_01_companies_alloacted_land.csv
Suer Agencies Ltd,company_allocated_land,22,annex_01_companies_alloacted_land.csv
Sugik Ltd,company_allocated_land,22,annex_01_companies_alloacted_land.csv
Suleiman Enterprise Ltd,company_allocated_land,22,annex_01_companies_alloacted_land.csv
Sulmac Co. Ltd.,company_allocated_land,22,annex_01_companies_alloacted_land.csv
Sumburu Dev. Ltd.,company_allocated_land,22,annex_01_companies_alloacted_land.csv
Sunatawil Ltd,company_allocated_land,22,annex_01_companies_alloacted_land.csv
Sunguo Holdings,company_allocated_land,22,annex_01_companies_alloacted_land.csv
Sunner Enterprises Ltd,company_allocated_land,22,annex_01_companies_alloacted_land.csv
Suntrap Beach Hotel Ltd,company_allocated_land,22,annex_01_companies_alloacted_land.csv
Sunvalley Developers,company_allocated_land,22,annex_01_companies_alloacted_land.csv
Supa Nova properties Ltd,company_allocated_land,22,annex_01_companies_alloacted_land.csv
Super Nova,company_allocated_land,22,annex_01_companies_alloacted_land.csv
Suprex Investments Ltd,company_allocated_land,22,annex_01_companies_alloacted_land.csv
Sweetlwinds Holdings Ltd /1st Oct 1996,company_allocated_land,22,annex_01_companies_alloacted_land.csv
Tairo Investment Limited,company_allocated_land,22,annex_01_companies_alloacted_land.csv
Taiwa Holdings Limited,company_allocated_land,22,annex_01_companies_alloacted_land.csv
Tana Belenterprises,company_allocated_land,23,annex_01_companies_alloacted_land.csv
Talkland Holding Ltd,company_allocated_land,23,annex_01_companies_alloacted_land.csv
TamTam Ltd,company_allocated_land,23,annex_01_companies_alloacted_land.csv
Tana Belenterprises,company_allocated_land,23,annex_01_companies_alloacted_land.csv
Tassia Coffee Estate Limited,company_allocated_land,23,annex_01_companies_alloacted_land.csv
Tanam Enterprises,company_allocated_land,23,annex_01_companies_alloacted_land.csv
Tanam Limited,company_allocated_land,23,annex_01_companies_alloacted_land.csv
Tapupu Ltd,company_allocated_land,23,annex_01_companies_alloacted_land.csv
Tasha Enterprises,company_allocated_land,23,annex_01_companies_alloacted_land.csv
Tassia Coffee Estate Limited,company_allocated_land,23,annex_01_companies_alloacted_land.csv
Tawakal Holdings Ltd,company_allocated_land,23,annex_01_companies_alloacted_land.csv
Techseals (K) Ltd,company_allocated_land,23,annex_01_companies_alloacted_land.csv
Telecomm and KBC,company_allocated_land,23,annex_01_companies_alloacted_land.csv
Telemaps Enterprises,company_allocated_land,23,annex_01_companies_alloacted_land.csv
Tepewet Agencies,company_allocated_land,23,annex_01_companies_alloacted_land.csv
Testai Ltd,company_allocated_land,23,annex_01_companies_alloacted_land.csv
Texas Instruments,company_allocated_land,23,annex_01_companies_alloacted_land.csv
Thame Holdings,company_allocated_land,23,annex_01_companies_alloacted_land.csv
Thangaru Investments Ltd,company_allocated_land,23,annex_01_companies_alloacted_land.csv
The Aerodrome Rd. Properties Ltd,company_allocated_land,23,annex_01_companies_alloacted_land.csv
The Gas Co. Ltd,company_allocated_land,23,annex_01_companies_alloacted_land.csv
Thinga Developers Limited,company_allocated_land,23,annex_01_companies_alloacted_land.csv
Tilak Company,company_allocated_land,23,annex_01_companies_alloacted_land.csv
Tim Tim Holdings,company_allocated_land,23,annex_01_companies_alloacted_land.csv
Timet Dev. Ltd.,company_allocated_land,23,annex_01_companies_alloacted_land.csv
Tindiret Engineering Company Ltd,company_allocated_land,23,annex_01_companies_alloacted_land.csv
TM Construction Ltd.,company_allocated_land,23,annex_01_companies_alloacted_land.csv
Tolosho Ltd,company_allocated_land,23,annex_01_companies_alloacted_land.csv
Topaz Properties Ltd,company_allocated_land,23,annex_01_companies_alloacted_land.csv
Topo-Sky Enterprises,company_allocated_land,23,annex_01_companies_alloacted_land.csv
Toror Estates Ltd,company_allocated_land,23,annex_01_companies_alloacted_land.csv
Totol Enterprises Ltd,company_allocated_land,23,annex_01_companies_alloacted_land.csv
Town Mall Investments,company_allocated_land,23,annex_01_companies_alloacted_land.csv
Trab Investors,company_allocated_land,23,annex_01_companies_alloacted_land.csv
Triton Petroleum Co. Ltd,company_allocated_land,23,annex_01_companies_alloacted_land.csv
Travel Free Limited,company_allocated_land,23,annex_01_companies_alloacted_land.csv
Tresoma Developers Ltd,company_allocated_land,24,annex_01_companies_alloacted_land.csv
Triton Petroleum Co. Ltd,company_allocated_land,,annex_01_companies_alloacted_land.csv
Trojan Ventures Ltd,company_allocated_land,24,annex_01_companies_alloacted_land.csv
Turbo Highway Eld.Ltd,company_allocated_land,24,annex_01_companies_alloacted_land.csv
Twinstar Investments,company_allocated_land,24,annex_01_companies_alloacted_land.csv
Turnkey Projects Co. Ltd,company_allocated_land,24,annex_01_companies_alloacted_land.csv
Twinstar InvestmentS,company_allocated_land,24,annex_01_companies_alloacted_land.csv
UMK Development Ltd,company_allocated_land,24,annex_01_companies_alloacted_land.csv
Unico Investments Ltd.,company_allocated_land,24,annex_01_companies_alloacted_land.csv
United Cargo [.td,company_allocated_land,24,annex_01_companies_alloacted_land.csv
United Insurance Co. Ltd,company_allocated_land,24,annex_01_companies_alloacted_land.csv
Velvet Safaris Ltd.,company_allocated_land,24,annex_01_companies_alloacted_land.csv
Venezia Enterprises Ltd.,company_allocated_land,24,annex_01_companies_alloacted_land.csv
Ventures Tcchnologics Limited,company_allocated_land,24,annex_01_companies_alloacted_land.csv
Ves. Investments,company_allocated_land,24,annex_01_companies_alloacted_land.csv
Vess Investments Ltd,company_allocated_land,24,annex_01_companies_alloacted_land.csv
Vibco Limited,company_allocated_land,24,annex_01_companies_alloacted_land.csv
Victoria Distributors Limited,company_allocated_land,24,annex_01_companies_alloacted_land.csv
Vijay Development Ltd,company_allocated_land,24,annex_01_companies_alloacted_land.csv
Villas Watamu Limited,company_allocated_land,24,annex_01_companies_alloacted_land.csv
Visco Ltd,company_allocated_land,24,annex_01_companies_alloacted_land.csv
Viscount Holdings Limited,company_allocated_land,24,annex_01_companies_alloacted_land.csv
Vision Oil Ltd,company_allocated_land,24,annex_01_companies_alloacted_land.csv
Vita Inv. Services Ltd.,company_allocated_land,24,annex_01_companies_alloacted_land.csv
Vitas Limited,company_allocated_land,24,annex_01_companies_alloacted_land.csv
Vurimi Holdings Ltd,company_allocated_land,24,annex_01_companies_alloacted_land.csv
Wackson Limited,company_allocated_land,24,annex_01_companies_alloacted_land.csv
Wak Ltd,company_allocated_land,24,annex_01_companies_alloacted_land.csv
Wakam Enterprises,company_allocated_land,24,annex_01_companies_alloacted_land.csv
Wamuchiri Holdings Co. Ltd,company_allocated_land,24,annex_01_companies_alloacted_land.csv
Wanao Enterprises Ltd,company_allocated_land,24,annex_01_companies_alloacted_land.csv
Wandavuu Ltd,company_allocated_land,24,annex_01_companies_alloacted_land.csv
Wayland Ltd,company_allocated_land,24,annex_01_companies_alloacted_land.csv
Webster,company_allocated_land,24,annex_01_companies_alloacted_land.csv
Webster Holdings Ltd,company_allocated_land,24,annex_01_companies_alloacted_land.csv
Wembly Ltd,company_allocated_land,24,annex_01_companies_alloacted_land.csv
Westerved Safari Ltd,company_allocated_land,25,annex_01_companies_alloacted_land.csv
Wince Investments,company_allocated_land,25,annex_01_companies_alloacted_land.csv
White City Enterprises,company_allocated_land,25,annex_01_companies_alloacted_land.csv
White Farm (K) Ltd,company_allocated_land,25,annex_01_companies_alloacted_land.csv
Wilifoken Agencies,company_allocated_land,25,annex_01_companies_alloacted_land.csv
Wintech Systems Limited,company_allocated_land,25,annex_01_companies_alloacted_land.csv
Winworld Limited,company_allocated_land,25,annex_01_companies_alloacted_land.csv
Wonderland Car Hire & Safaris Ltd,company_allocated_land,25,annex_01_companies_alloacted_land.csv
Woodmart Enterprises,company_allocated_land,25,annex_01_companies_alloacted_land.csv
Yellow House Insns Limited,company_allocated_land,25,annex_01_companies_alloacted_land.csv
Yourkalale Inves. Ltd.,company_allocated_land,25,annex_01_companies_alloacted_land.csv
Zinji Ltd,company_allocated_land,25,annex_01_companies_alloacted_land.csv
Zurip Properties,company_allocated_land,25,annex_01_companies_alloacted_land.csv
Africo Holdings Ltd,company_allocated_land,26,annex_02_companies_not_found_at_registry.csv
Avalon Consultance,company_allocated_land,26,annex_02_companies_not_found_at_registry.csv
Captal Regional Properties Ltd4,company_allocated_land,26,annex_02_companies_not_found_at_registry.csv
Chanwa Enterprises Ltd,company_allocated_land,26,annex_02_companies_not_found_at_registry.csv
Cruise Holdings,company_allocated_land,26,annex_02_companies_not_found_at_registry.csv
Dnabell Enterprises,company_allocated_land,26,annex_02_companies_not_found_at_registry.csv
Investcope Holdings,company_allocated_land,26,annex_02_companies_not_found_at_registry.csv
Ragumo Holdings Ltd,company_allocated_land,26,annex_02_companies_not_found_at_registry.csv
Koota(Kenya) Ltd,company_allocated_land,26,annex_02_companies_not_found_at_registry.csv
Kwaai Water Enterprises Ltd,company_allocated_land,26,annex_02_companies_not_found_at_registry.csv
Lyonnaise development,company_allocated_land,26,annex_02_companies_not_found_at_registry.csv
Manjen Limited,company_allocated_land,26,annex_02_companies_not_found_at_registry.csv
Makori Investment,company_allocated_land,26,annex_02_companies_not_found_at_registry.csv
Mouth Pellies Holdings Ltd,company_allocated_land,26,annex_02_companies_not_found_at_registry.csv
Movado Holdings Ltd,company_allocated_land,26,annex_02_companies_not_found_at_registry.csv
Muge Enterprises,company_allocated_land,26,annex_02_companies_not_found_at_registry.csv
Nescape Enterprises,company_allocated_land,26,annex_02_companies_not_found_at_registry.csv
Portfino Developers Ltd,company_allocated_land,26,annex_02_companies_not_found_at_registry.csv
Reasearch Management Servics Ltd,company_allocated_land,26,annex_02_companies_not_found_at_registry.csv
Royal Holdings Co. Ltd,company_allocated_land,26,annex_02_companies_not_found_at_registry.csv
Shilarie Holdings Ltd.,company_allocated_land,26,annex_02_companies_not_found_at_registry.csv
Safracom International Ltd,company_allocated_land,26,annex_02_companies_not_found_at_registry.csv
Sweetl Winds Holdings Ltd,company_allocated_land,26,annex_02_companies_not_found_at_registry.csv
Talkland Holdings Ltd,company_allocated_land,26,annex_02_companies_not_found_at_registry.csv
Totol Enterprises,company_allocated_land,26,annex_02_companies_not_found_at_registry.csv
Wanao Enterprises,company_allocated_land,26,annex_02_companies_not_found_at_registry.csv
Lloywa Enterprises,company_allocated_land,26,annex_02_companies_not_found_at_registry.csv
Kienya Enterprises,company_allocated_land,26,annex_02_companies_not_found_at_registry.csv
Robosite Enterprises,company_allocated_land,26,annex_02_companies_not_found_at_registry.csv
Hill Street Enterprises,company_allocated_land,26,annex_02_companies_not_found_at_registry.csv
Kipsinende Ltd,company_allocated_land,26,annex_02_companies_not_found_at_registry.csv
Kiptagich Tea Ltd,company_allocated_land,27,annex_02_companies_not_found_at_registry.csv
Nokin Holdings Ltd,company_allocated_land,27,annex_02_companies_not_found_at_registry.csv
Lekuna Ltd,company_allocated_land,27,annex_02_companies_not_found_at_registry.csv
Marwarin Beacon Hotel Ltd,company_allocated_land,27,annex_02_companies_not_found_at_registry.csv
Suntrap Beach Hotel Ltd,company_allocated_land,27,annex_02_companies_not_found_at_registry.csv
Manjan Hodlings Ltd,company_allocated_land,27,annex_02_companies_not_found_at_registry.csv
Inter African Trading Co. Ltd,company_allocated_land,27,annex_02_companies_not_found_at_registry.csv
Katika Ltd,company_allocated_land,27,annex_02_companies_not_found_at_registry.csv
Mulimo Enterprises,company_allocated_land,27,annex_02_companies_not_found_at_registry.csv
Cannon Court Ltd,company_allocated_land,27,annex_02_companies_not_found_at_registry.csv
Camu Ltd,company_allocated_land,27,annex_02_companies_not_found_at_registry.csv
The Gas Co. Ltd.,company_allocated_land,27,annex_02_companies_not_found_at_registry.csv
East African Gas Ltd,company_allocated_land,27,annex_02_companies_not_found_at_registry.csv
Firms Ltd,company_allocated_land,27,annex_02_companies_not_found_at_registry.csv
AAri Properties Ltd,company_allocated_land,27,annex_02_companies_not_found_at_registry.csv
Katika Ltd,company_allocated_land,27,annex_02_companies_not_found_at_registry.csv
Gemwi Ltd,company_allocated_land,27,annex_02_companies_not_found_at_registry.csv
Multi-purpose Co-op development Ltd,company_allocated_land,27,annex_02_companies_not_found_at_registry.csv
Rama Ltd,company_allocated_land,27,annex_02_companies_not_found_at_registry.csv
Somog Ltd,company_allocated_land,27,annex_02_companies_not_found_at_registry.csv
Mukep Agencies,company_allocated_land,27,annex_02_companies_not_found_at_registry.csv
Minasa Towers,company_allocated_land,27,annex_02_companies_not_found_at_registry.csv
Stelling Holdings,company_allocated_land,27,annex_02_companies_not_found_at_registry.csv
Kiahuhio Investments Ltd,company_allocated_land,27,annex_02_companies_not_found_at_registry.csv
Brown Cooper Ltd,company_allocated_land,27,annex_02_companies_not_found_at_registry.csv
Eryuthrine Ltd,company_allocated_land,27,annex_02_companies_not_found_at_registry.csv
Mt. Kenya Gems,company_allocated_land,27,annex_02_companies_not_found_at_registry.csv
Lewison Enterprises,company_allocated_land,27,annex_02_companies_not_found_at_registry.csv
Dendab Investment,company_allocated_land,27,annex_02_companies_not_found_at_registry.csv
Sidika Enterprises,company_allocated_land,27,annex_02_companies_not_found_at_registry.csv
Mamumm Agencies,company_allocated_land,27,annex_02_companies_not_found_at_registry.csv
Metrolends Management,company_allocated_land,27,annex_02_companies_not_found_at_registry.csv
Lwiney Agencies,company_allocated_land,27,annex_02_companies_not_found_at_registry.csv
Rama Ltd,company_allocated_land,27,annex_02_companies_not_found_at_registry.csv
Trade and development Association,company_allocated_land,27,annex_02_companies_not_found_at_registry.csv
Halwa Enterprises,company_allocated_land,27,annex_02_companies_not_found_at_registry.csv
Kerungat Publishers & Printers,company_allocated_land,28,annex_02_companies_not_found_at_registry.csv
Samu Holdings,company_allocated_land,28,annex_02_companies_not_found_at_registry.csv
Kiruhiu Investment,company_allocated_land,28,annex_02_companies_not_found_at_registry.csv
Niagara Base Metallic Ltd,company_allocated_land,28,annex_02_companies_not_found_at_registry.csv
Beluga Developers,company_allocated_land,28,annex_02_companies_not_found_at_registry.csv
Copice Developers Ltd,company_allocated_land,28,annex_02_companies_not_found_at_registry.csv
Hartman Institute Ltd,company_allocated_land,28,annex_02_companies_not_found_at_registry.csv
Nile Source Investment,company_allocated_land,28,annex_02_companies_not_found_at_registry.csv
Cupere Enterprises,company_allocated_land,28,annex_02_companies_not_found_at_registry.csv
Wana Investments Ltd,company_allocated_land,28,annex_02_companies_not_found_at_registry.csv
Inno Pacific Development Ltd,company_allocated_land,28,annex_02_companies_not_found_at_registry.csv
Falmac  Enterprises,company_allocated_land,28,annex_02_companies_not_found_at_registry.csv
Mount Pelkies Holdings Ltd,company_allocated_land,28,annex_02_companies_not_found_at_registry.csv
Chaumet Africa Ltd,company_allocated_land,28,annex_02_companies_not_found_at_registry.csv
Nucor Steel Enterprises Ltd,company_allocated_land,28,annex_02_companies_not_found_at_registry.csv
Peral Enterprises,company_allocated_land,28,annex_02_companies_not_found_at_registry.csv
Shilarie Holdings Ltd,company_allocated_land,28,annex_02_companies_not_found_at_registry.csv
Texas Investments Ltd,company_allocated_land,28,annex_02_companies_not_found_at_registry.csv
Wanao Enterprises,company_allocated_land,28,annex_02_companies_not_found_at_registry.csv
Match Designers Ltd,company_allocated_land,28,annex_02_companies_not_found_at_registry.csv
Ajiwa ShamjI Ltd,company_allocated_land,28,annex_02_companies_not_found_at_registry.csv
Hill Street Enterprises,company_allocated_land,28,annex_02_companies_not_found_at_registry.csv
Mukep Agencies,company_allocated_land,28,annex_02_companies_not_found_at_registry.csv
Minasa Towers,company_allocated_land,28,annex_02_companies_not_found_at_registry.csv
Marwarin Beacon Hotel,company_allocated_land,28,annex_02_companies_not_found_at_registry.csv
Suntrap Beach Hotel,company_allocated_land,28,annex_02_companies_not_found_at_registry.csv
Prestige Properties,company_allocated_land,28,annex_02_companies_not_found_at_registry.csv
Modi Entertainment Network Ltd,company_allocated_land,28,annex_02_companies_not_found_at_registry.csv
Kenya Science Teachers College,parastatal_land_allocation,432,annex_19_parastatals_responded.csv
Kenya Diary Board,parastatal_land_allocation,432,annex_19_parastatals_responded.csv
Kenya Broadcasting Corporation,parastatal_land_allocation,432,annex_19_parastatals_responded.csv
Kenya Post Office Savings Bank Postbank,parastatal_land_allocation,432,annex_19_parastatals_responded.csv
Kenya Wines Agency Ltd,parastatal_land_allocation,432,annex_19_parastatals_responded.csv
Kenya Forestry Research Institute,parastatal_land_allocation,432,annex_19_parastatals_responded.csv
Ewasi Ngiro North Development Agency,parastatal_land_allocation,432,annex_19_parastatals_responded.csv
Moi Teaching Referral Hospital,parastatal_land_allocation,432,annex_19_parastatals_responded.csv
National Aids Control Council,parastatal_land_allocation,432,annex_19_parastatals_responded.csv
Kenya Institute for Public Policy Research and Analysis,parastatal_land_allocation,432,annex_19_parastatals_responded.csv
Nationanal Museum of Kenya,parastatal_land_allocation,432,annex_19_parastatals_responded.csv
Export Promotion Council,parastatal_land_allocation,432,annex_19_parastatals_responded.csv
Capital Markets Authority,parastatal_land_allocation,432,annex_19_parastatals_responded.csv
Tana and Arthi River Development Agency,parastatal_land_allocation,432,annex_19_parastatals_responded.csv
Department of Resources Survey and Remote sensing,parastatal_land_allocation,432,annex_19_parastatals_responded.csv
Kenya Seed Company,parastatal_land_allocation,432,annex_19_parastatals_responded.csv
Kenya Electricity Generating Company,parastatal_land_allocation,432,annex_19_parastatals_responded.csv
Kenya Utalii Colege,parastatal_land_allocation,432,annex_19_parastatals_responded.csv
National Oil Corporation of Kenya,parastatal_land_allocation,432,annex_19_parastatals_responded.csv
Kenya Institute of Administartion,parastatal_land_allocation,432,annex_19_parastatals_responded.csv
Kenya Tourist Development Corporation,parastatal_land_allocation,432,annex_19_parastatals_responded.csv
National Hospital Insurance Fund,parastatal_land_allocation,432,annex_19_parastatals_responded.csv
Kenya Vetinary Vaccines Production Institute,parastatal_land_allocation,432,annex_19_parastatals_responded.csv
Nzoia Sugar Company,parastatal_land_allocation,432,annex_19_parastatals_responded.csv
Cooperative College of Kenya,parastatal_land_allocation,432,annex_19_parastatals_responded.csv
Kenya Medical Agency,parastatal_land_allocation,432,annex_19_parastatals_responded.csv
Bomas of Kenya,parastatal_land_allocation,433,annex_19_parastatals_responded.csv
Kenya Civil Aviation Authority,parastatal_land_allocation,433,annex_19_parastatals_responded.csv
Kenya National Trading Corporation,parastatal_land_allocation,433,annex_19_parastatals_responded.csv
Kenya Bureau of Standards,parastatal_land_allocation,433,annex_19_parastatals_responded.csv
Horticultural Crops Dev. Authprity,parastatal_land_allocation,433,annex_19_parastatals_responded.csv
Kenya Sugar Board,parastatal_land_allocation,433,annex_19_parastatals_responded.csv
Kenya Sisal Board,parastatal_land_allocation,433,annex_19_parastatals_responded.csv
Electricity Regulatory Board,parastatal_land_allocation,433,annex_19_parastatals_responded.csv
Higher Education Loans Board,parastatal_land_allocation,433,annex_19_parastatals_responded.csv
Industrial Development Bank,parastatal_land_allocation,433,annex_19_parastatals_responded.csv
Caost Development Authority,parastatal_land_allocation,433,annex_19_parastatals_responded.csv
Kenya Industrial Reasearch and Development Institute,parastatal_land_allocation,433,annex_19_parastatals_responded.csv
Cotton Board of Kenya,parastatal_land_allocation,433,annex_19_parastatals_responded.csv
Teachers Service Commmission,parastatal_land_allocation,433,annex_19_parastatals_responded.csv
Kenya National Examination Council,parastatal_land_allocation,433,annex_19_parastatals_responded.csv
Catering Tourism Training Development Levy Trustee,parastatal_land_allocation,433,annex_19_parastatals_responded.csv
National Bank of Kenya,parastatal_land_allocation,433,annex_19_parastatals_responded.csv
Kenya National Library services,parastatal_land_allocation,433,annex_19_parastatals_responded.csv
Kenya Reinsurance Corporation,parastatal_land_allocation,433,annex_19_parastatals_responded.csv
Kenya National Hospital,parastatal_land_allocation,433,annex_19_parastatals_responded.csv
National Water Conservation and Pipeline Corporation,parastatal_land_allocation,433,annex_19_parastatals_responded.csv
Kenya Roads Board,parastatal_land_allocation,433,annex_19_parastatals_responded.csv
Communication Commission of Kenya,parastatal_land_allocation,433,annex_19_parastatals_responded.csv
Kenya Industrial Estate,parastatal_land_allocation,433,annex_19_parastatals_responded.csv
Kenya Ports Authority,parastatal_land_allocation,433,annex_19_parastatals_responded.csv
Electoral Commission of Kenya,parastatal_land_allocation,433,annex_19_parastatals_responded.csv
Kenyatta University,parastatal_land_allocation,433,annex_19_parastatals_responded.csv
Kenya Civil Aviation Authority,parastatal_land_allocation,433,annex_19_parastatals_responded.csv
Kenya Revenue Aurhority,parastatal_land_allocation,433,annex_19_parastatals_responded.csv
Kenya Railways Corporationc,parastatal_land_allocation,433,annex_19_parastatals_responded.csv
National Housing Corporation,parastatal_land_allocation,434,annex_19_parastatals_responded.csv
National Cereals and Produce Board,parastatal_land_allocation,434,annex_19_parastatals_responded.csv
Lake Basin Development Authority,parastatal_land_allocation,434,annex_19_parastatals_responded.csv
Investment Promotion Centre,parastatal_land_allocation,434,annex_19_parastatals_responded.csv
Kenya Petroleum Refineries Ltd,parastatal_land_allocation,434,annex_19_parastatals_responded.csv
Kenya Tripanosamiasis Research Institute,parastatal_land_allocation,434,annex_19_parastatals_responded.csv
Industrial Development Bank,parastatal_land_allocation,434,annex_19_parastatals_responded.csv
Kenya Marine and Fisheries Research Institute,parastatal_land_allocation,434,annex_19_parastatals_responded.csv
Housing Finance Company,parastatal_land_allocation,434,annex_19_parastatals_responded.csv
Kenya Technical Teachers College,parastatal_land_allocation,434,annex_19_parastatals_responded.csv
Tabach Teachers College,parastatal_land_allocation,434,annex_19_parastatals_responded.csv
Kenya Power and Lighting Company,parastatal_land_allocation,434,annex_19_parastatals_responded.csv
Controller and Auditor General,parastatal_land_allocation,434,annex_19_parastatals_responded.csv
Public Service Communication,parastatal_land_allocation,434,annex_19_parastatals_responded.csv
Kenya Agricultural Research Institute,parastatal_land_allocation,434,annex_19_parastatals_responded.csv
Industrial and Commercial Development Corporation,parastatal_land_allocation,434,annex_19_parastatals_responded.csv
Inspector,parastatal_land_allocation,434,annex_19_parastatals_responded.csv
Kenya Plant Health Inspectorate Services,parastatal_land_allocation,434,annex_19_parastatals_responded.csv
Maseno University,parastatal_land_allocation,434,annex_19_parastatals_responded.csv
Coffee Research Foundation,parastatal_land_allocation,434,annex_19_parastatals_responded.csv
Agro-Chemical and Food Company,parastatal_land_allocation,434,annex_19_parastatals_responded.csv
Pest Control Products Board,parastatal_land_allocation,434,annex_19_parastatals_responded.csv
Pyrethrum Board Finance Corporation,parastatal_land_allocation,434,annex_19_parastatals_responded.csv
Agricultural Finance Corporation,parastatal_land_allocation,434,annex_19_parastatals_responded.csv
Kenya School of Law,parastatal_land_allocation,434,annex_19_parastatals_responded.csv
Kenya Industrial Estates,parastatal_land_allocation,434,annex_19_parastatals_responded.csv
Rift Valley Institute of Science and Technology,parastatal_land_allocation,434,annex_19_parastatals_responded.csv
Kenya Pipeline Company,parastatal_land_allocation,434,annex_19_parastatals_responded.csv
Kenya National Academy of Sciences,parastatal_land_allocation,434,annex_19_parastatals_responded.csv
University of Nairobi,parastatal_land_allocation,434,annex_19_parastatals_responded.csv
Kenya Institute of Special Education,parastatal_land_allocation,435,annex_19_parastatals_responded.csv
National Social Security Fund,parastatal_land_allocation,435,annex_19_parastatals_responded.csv
Telposta Pension Scheme,parastatal_land_allocation,435,annex_19_parastatals_responded.csv
Kenya Airports Authority,parastatal_land_allocation,435,annex_19_parastatals_responded.csv
National Irrigation Board,parastatal_land_allocation,435,annex_19_parastatals_responded.csv
Kenya Institute of Special Education,parastatal_land_allocation,435,annex_19_parastatals_responded.csv
National Social Security Fund,parastatal_land_allocation,435,annex_19_parastatals_responded.csv
Kenya Airports Authority,parastatal_land_allocation,435,annex_19_parastatals_responded.csv
National Irrigation Board,parastatal_land_allocation,435,annex_19_parastatals_responded.csv
Ewaso Ng'iro South Basin,parastatal_land_allocation,436,annex_20_state_corps_not_responded.csv
Kerio Valley Development Authority,parastatal_land_allocation,436,annex_20_state_corps_not_responded.csv
Business Premises Rent Restriction Tribunal,parastatal_land_allocation,436,annex_20_state_corps_not_responded.csv
Kenya Tourist Board,parastatal_land_allocation,436,annex_20_state_corps_not_responded.csv
National Environment Management Authority,parastatal_land_allocation,436,annex_20_state_corps_not_responded.csv
Nyayo Tea Zones Developement Corporation,parastatal_land_allocation,436,annex_20_state_corps_not_responded.csv
Mwea Rice Mills Limited,parastatal_land_allocation,436,annex_20_state_corps_not_responded.csv
South Nyanza Sugar Company Limited,parastatal_land_allocation,436,annex_20_state_corps_not_responded.csv
Chemelil Sugar Company Limited,parastatal_land_allocation,436,annex_20_state_corps_not_responded.csv
National Cereals & Produce Board,parastatal_land_allocation,436,annex_20_state_corps_not_responded.csv
Agricultural Development Corpooration,parastatal_land_allocation,436,annex_20_state_corps_not_responded.csv
Jomo Kenyatta Foundation,parastatal_land_allocation,436,annex_20_state_corps_not_responded.csv
Kenya Literature Bureau,parastatal_land_allocation,436,annex_20_state_corps_not_responded.csv
School Equipment Production Unit,parastatal_land_allocation,436,annex_20_state_corps_not_responded.csv
Kenya medicsl Training College,parastatal_land_allocation,436,annex_20_state_corps_not_responded.csv
Kenya Medical Reacerach Institute,parastatal_land_allocation,436,annex_20_state_corps_not_responded.csv
Consolidated Bank of Kenya,parastatal_land_allocation,436,annex_20_state_corps_not_responded.csv
Electricity Regulatory Board,parastatal_land_allocation,436,annex_20_state_corps_not_responded.csv
African Dyotamite Industries,parastatal_land_allocation,436,annex_20_state_corps_not_responded.csv
Cencus of Industrial Production,parastatal_land_allocation,436,annex_20_state_corps_not_responded.csv
Central Bank of Kenya,parastatal_land_allocation,436,annex_20_state_corps_not_responded.csv
Ceramic Industries,parastatal_land_allocation,436,annex_20_state_corps_not_responded.csv
Cereals and Sugar Finance Corporation,parastatal_land_allocation,436,annex_20_state_corps_not_responded.csv
East African Portland Cmement,parastatal_land_allocation,436,annex_20_state_corps_not_responded.csv
Kenatco,parastatal_land_allocation,436,annex_20_state_corps_not_responded.csv
Kenya Accountants & Secretaries National,parastatal_land_allocation,436,annex_20_state_corps_not_responded.csv
Kenya Airways,parastatal_land_allocation,436,annex_20_state_corps_not_responded.csv
Kenya Co-operative Creameries,parastatal_land_allocation,436,annex_20_state_corps_not_responded.csv
Kenya Film Corpooration,parastatal_land_allocation,436,annex_20_state_corps_not_responded.csv
Kenya Meat Commission,parastatal_land_allocation,436,annex_20_state_corps_not_responded.csv
Pan-vegetable Provessors Ltd,parastatal_land_allocation,436,annex_20_state_corps_not_responded.csv
Kenya National Properties,parastatal_land_allocation,436,annex_20_state_corps_not_responded.csv
Local Authority Superannuation Fund,parastatal_land_allocation,436,annex_20_state_corps_not_responded.csv
Local Government Loan's Authority,parastatal_land_allocation,436,annex_20_state_corps_not_responded.csv
Nyayo Bus Corporation,parastatal_land_allocation,436,annex_20_state_corps_not_responded.csv
Pig Industry Board,parastatal_land_allocation,437,annex_20_state_corps_not_responded.csv
Mombasa Pipeline Board,parastatal_land_allocation,437,annex_20_state_corps_not_responded.csv
Tea Research Foundation,parastatal_land_allocation,437,annex_20_state_corps_not_responded.csv
Salt Manufacturers Company,parastatal_land_allocation,437,annex_20_state_corps_not_responded.csv
Jomo Kenyatta University of Agriculture & Technology,parastatal_land_allocation,437,annex_20_state_corps_not_responded.csv
Egerton University,parastatal_land_allocation,437,annex_20_state_corps_not_responded.csv
Moi University,parastatal_land_allocation,437,annex_20_state_corps_not_responded.csv
