subject,col2,col3,col4,source_page,flag_source_csv
Kenol Petrol Station,Uhuru Highway/Haile Selassie Avenue round about,Encroaching on public utility and highway,Survey/Mark and Clear,48,annex_04_encroachment_by_petrol_stations.csv
Heshima Filling Station,Langata Road(Opposite Uchumi Supermarket),Langata Road Reserve,Survey/Mark and Clear,48,annex_04_encroachment_by_petrol_stations.csv
Kobil Petrol Station,Langata Road opposite Uchumi Supermarket,Langata Road Reserve,Survey/Mark and Clear,48,annex_04_encroachment_by_petrol_stations.csv
Kenol Petrol Station,Uhuru Highway opposite Cemetery,Built on Kenya Railways Land,Survey/Mark and Clear,48,annex_04_encroachment_by_petrol_stations.csv
Caltex Petrol station,Aerodrome Road near Madaraka Estate,Buily on Road Reserve,Survey/Mark and Clear,48,annex_04_encroachment_by_petrol_stations.csv
Kobil Petrol Station,Langata Rd/Aerodrome Rd Convergence,Built on Road Reserves and Public car Park for Nyayo Stadium,Survey/Mark and Clear,48,annex_04_encroachment_by_petrol_stations.csv
Kenol Petrol Station,Outering Road,Air and Diesel pumps on road reserve,Survey/Mark and Clear,48,annex_04_encroachment_by_petrol_stations.csv
Nakumatt/Kenol Petrol Station,Thika Road opposite entrance to KBL,Encroachmenr on road reserve by 492/2.4920/216/4/2.49922/5/1,Survey/Mark and Clear,48,annex_04_encroachment_by_petrol_stations.csv
Mirema Drive Filing Station,Kamiti Road,Road encroachment dangerous to motorists/Pedestriansnd and public safety,Survey/Mark and Clear,48,annex_04_encroachment_by_petrol_stations.csv
Unibase Petroleum,Kamiti Road,Road encroachment dangerous to motorists/Pedestriansnd and public safety,Survey/Mark and Clear,48,annex_04_encroachment_by_petrol_stations.csv
Kajiado,Nairobi/Namanga Road,Arthi River/Kitengela/Isinya,Surveys Makrks and Clear,42,annex_04_road_encroachment.csv
Kjiado,Road Maintenance Camp,Kajiado/Bisel/Township/Maili Tisa/Namanga Loitokitok,Investigate with a view to revoke,42,annex_04_road_encroachment.csv
Kjiado,Ongata Rongai/Kiserian Road,Ongata Rongai,Survey/Mark and clear,42,annex_04_road_encroachment.csv
Kajiado,Ngong Road,Dagoretti Corner/Karen Roundabout/Kerarapon/Ngong Town,Survey/Mark and clear,42,annex_04_road_encroachment.csv
Kisumu,Kibuye Market/Winam Court,Ofafa Area off Kakamaega Road,Survey/Mark and clear,42,annex_04_road_encroachment.csv
Kisumu,Off Awor Otiende Road,Via Gulf Stream Hotel,Survey/Mark and clear,42,annex_04_road_encroachment.csv
Kisumu,Nyamasaria-Kachok-Kondele-Mamboleo By-pass,Off Kisumu-Nairobi Road,Survey/Mark and clear,42,annex_04_road_encroachment.csv
Kisumu,Riat Market-Kogony-Mamboleo By-pass,Off Kisumu-Maseno Road opposite Airport,Survey/Mark and clear,42,annex_04_road_encroachment.csv
Kisumu,Lane off Ojijo Oteko Road,Fronting of Block 12/238 and 237,Survey/Mark and clear,42,annex_04_road_encroachment.csv
Kisumu,Road Maintenance camp,Airport area opposite cemetery fenced stone wall,Survey/Mark and clear,42,annex_04_road_encroachment.csv
Transzoia,Kitale/Eldoret Road,Kwa Muthoni Kipagenge/Maili Saba and Moi's Bridge shopping centres,Survey/Mark and clear,42,annex_04_road_encroachment.csv
Transzoia,Raia and Kitale Suam Road(Raia Area),,Survey/Mark and clear,42,annex_04_road_encroachment.csv
Kapenguria,Makutano/Kapenguria Road(E341),Chemotet Secondary School,Survey/Mark and clear,43,annex_04_road_encroachment.csv
Kapenguria,,Makutano/Kapenguria Junction,Survey/Mark and clear,43,annex_04_road_encroachment.csv
Uasin Gishu,D328 and C451,Chepkelel Junction,Survey/Mark and clear,43,annex_04_road_encroachment.csv
Uasin Gishu,Uganda Road,Near GPO,Survey/Mark and clear,43,annex_04_road_encroachment.csv
Uasin Gishu,Access Road to Uganda Road,Behind GPO,Survey/Mark and clear,43,annex_04_road_encroachment.csv
Uasin Gishu,Sossian Road Maintenance and Resealing Camp,,Investigate with a view to revoke,43,annex_04_road_encroachment.csv
Baringo,Kabarnet-Iten Road,ART Building Municipal Market,Survey/Mark and clear,43,annex_04_road_encroachment.csv
Nakuru,Nakuru/Nyahururu(B5),Solai/Nakuru,Survey/Mark and clear,43,annex_04_road_encroachment.csv
Nakuru,Resealing Unit,Molo Junction,Survey/Mark and clear,43,annex_04_road_encroachment.csv
Nakuru,Naivasha Road(C88),Next to Total Service Petrol Station,Survey/Mark and clear,43,annex_04_road_encroachment.csv
Kisii,Road By-Pass,Kisii Town(original alignment shifted),Survey/Mark and clear,43,annex_04_road_encroachment.csv
Garissa,Garissa/Mwingi road,Mwingi Town(Bajabar's House),Survey/Mark and clear,43,annex_04_road_encroachment.csv
Maragwa,D417/E509,Maragwa County Council open air Market,Investigate with a view to revoke,43,annex_04_road_encroachment.csv
Maragwa,Old Kangari Road,About 400m metres from town,Investigate with a view to revoke,43,annex_04_road_encroachment.csv
Maragwa,Between Kigumo and Kangari Market,Kigumo Market,Survey/Mark and clear,43,annex_04_road_encroachment.csv
Maragwa,Maragwa Road Maintenance camp,Muslim Girls' Secondary School,Survey/Mark and clear,43,annex_04_road_encroachment.csv
Thika,Kongo Road/Kenyatta Road,,Survey/Mark and clear,43,annex_04_road_encroachment.csv
Thika,Old National Nairobi Road Reserve,Juja Town and between Juja River and Migai Inn,Survey/Mark and clear,43,annex_04_road_encroachment.csv
Thika,Road Maintenance Camp,Gatundu,Investigate with a view to revoke,44,annex_04_road_encroachment.csv
Kiambu,E423 Road,1km loop off Tigoni/Kabuku Road,Survey/Mark and clear,44,annex_04_road_encroachment.csv
Kiambu,Limuru/Ruaka Road(C62),Karuri/Ndenderu Road(C 63)Junction,Survey/Mark and clear,44,annex_04_road_encroachment.csv
Kiambu,"25m Road ""D"" class off Wangige Kikuyu Road",Muthumu Market,Survey/Mark and clear,44,annex_04_road_encroachment.csv
Kiambu,Road Maintenance Camp,Banana Hill-Thimbigwa,Investigate with a view to revoke,44,annex_04_road_encroachment.csv
Nyeri,Road Maintenance Camp,Naromoru Town,Investigate with a view to revoke,44,annex_04_road_encroachment.csv
Nyeri,Roads,Petrol station at the Turn-off to Kuniville Estate,Survey/Mark and clear,44,annex_04_road_encroachment.csv
Nyeri,Road Reserve and Bus Park,P.T Ndegwa building at Kiganjo/Nyahururu turn-off,Survey/Mark and clear,44,annex_04_road_encroachment.csv
Nyeri,Road,Extension of Central Hotel Ltd encroaching on road,Survey/Mark and clear,44,annex_04_road_encroachment.csv
Laikipia,Old Laikipia-Meru Road,,Survey/Mark and clear,44,annex_04_road_encroachment.csv
Laikipia,Road Maintenance camp,5 out of 7 in the District-Former Nanyuki Roads Camp/Lamuria/Rumuruti/5 Miles Camp/Present DWO's office and camp,Investigate with a view to revoke,44,annex_04_road_encroachment.csv
Meru Centaral,Embu-Meru(B6),Nkubu Market,Survey/Mark and clear,44,annex_04_road_encroachment.csv
Meru Central,Gakoromani and Nkubu Road Maintenance Camps,,Investigate with a view to revoke,44,annex_04_road_encroachment.csv
Embu,Nairobi-Embu Road(B6),Embu Town/Runyenjes Town/Kiaragania/Chuka Town,Survey/Mark and clear,45,annex_04_road_encroachment.csv
Embu,Runyenjes Road Camp,Runyenjes Township,Investigate with a view to revokation,45,annex_04_road_encroachment.csv
Taita Taveta,C 105,Voi Town,Survey/Mark and clear,45,annex_04_road_encroachment.csv
Taita Taveta,A 23,Taveta,Survey/Mark and clear,45,annex_04_road_encroachment.csv
Kwale,Lunga Lunga Road,Likoni-Ukunda-Diani Area,Survey/Mark and clear,45,annex_04_road_encroachment.csv
Malindi,Mombasa-Malindi Road,Shanzu T.T.C neighborhood/Mtwapa Town/Kilifi Town Junction/Watamu Road Junction,Survey/Mark and clear,45,annex_04_road_encroachment.csv
Malindi,Lamu Road,District Works Office and upto Woburn Residence Club,Survey/Mark and clear,45,annex_04_road_encroachment.csv
Malindi,Mnarani Road,,Survey/Mark and clear,45,annex_04_road_encroachment.csv
Malindi,Ziwani and Casurina Roads,,Survey/Mark and clear,45,annex_04_road_encroachment.csv
Mombasa,Off Mama Ngina Drive,Safari House,Survey/Mark and clear,45,annex_04_road_encroachment.csv
Mombasa,Makupa-Makande Raod,Maji Drilling and Makande Butchery,Survey/Mark and clear,45,annex_04_road_encroachment.csv
Mombasa,Malindi Road,Bella Plaza,Survey/Mark and clear,45,annex_04_road_encroachment.csv
Momabsa,Malindi/Nyali Road,Junction at the bridge,Survey/Mark and clear,45,annex_04_road_encroachment.csv
Mombasa,Nairobi-Mombasa Highway(A104),Fly-over on Nairobi-Mombasa Railway line/Mlolongo Town/Arthi River to Nirobi/Machakos Road Junction(Kyumbu)Salama,Survey/Mark and clear,45,annex_04_road_encroachment.csv
Mombasa,,Market and from Makinon Road,,46,annex_04_road_encroachment.csv
Naironi,Ragati Road,Ragati Road/Haile Selassie Avenue Junction,Survey/Mark and clear,46,annex_04_road_encroachment.csv
Nairobi,Service Lane,Upper Hill behind Car Track offices,Survey/Mark and clear,46,annex_04_road_encroachment.csv
Nairobi,Langata Road,Nairobi West and Madaraka Estate,Survey/Mark and clear,46,annex_04_road_encroachment.csv
Nairobi,Mwamberer Road(Lane),"North South ""B""",Survey/Mark and clear,46,annex_04_road_encroachment.csv
Nairobi,Kalalu Road,Park Road Muslim Clinic,Survey/Mark and clear,46,annex_04_road_encroachment.csv
Nairobi,Kipande Road Ngara,Near National Museum/Kipande Road Service Station,Survey/Mark and clear,46,annex_04_road_encroachment.csv
Nairobi,Kamiti Road,Zimmerman,Survey/Mark and clear,46,annex_04_road_encroachment.csv
Nairobi,Roysambu Roundabout,,Survey/Mark and clear,46,annex_04_road_encroachment.csv
Nyandarua,Road Maintenance Depot,Block 6,Investigate with a view to revokation,46,annex_04_road_encroachment.csv
Nyandarua,Rural Access Road Camp(EX HZ),Nyahururu Olkalou Raod,Investigate with a view to revokation,46,annex_04_road_encroachment.csv
Machakos,Nairobi/Kitui Road(C 97),Susu Centre,Survey/Mark and clear,46,annex_04_road_encroachment.csv
Mchakos,Mombasa Road(A104),Mlolongo Town,Survey/Mark and clear,46,annex_04_road_encroachment.csv
Machakos,Thika-Garissa Road,Matuu Town:Kithioko Market,Survey/Mark and clear,46,annex_04_road_encroachment.csv
Kirinyaga,Old 40m wide Nairobi-Embu Road,,Survey/Mark and clear,46,annex_04_road_encroachment.csv
Kirinyaga,Road Maintenance Camp,Kutus Kerugoya/Kergoya Baricho Junction,Survey/Mark and clear,46,annex_04_road_encroachment.csv
Muranga,Muranga-Kiruri Road no.D 440,Kahuro Market;Gatuya Market;Githambo Market and Kahatia Market,Survey/Mark and clear,46,annex_04_road_encroachment.csv
Muranga,Muranga-Kiriani Road No.D428,Kiriani Market,Survey/Mark and clear,47,annex_04_road_encroachment.csv
Muranga,Maragua River-Nyeri District Boundary No.C70,Gatuya Market;Kangema/Gakira Market;Kiriani Market,Survey/Mark and clear,47,annex_04_road_encroachment.csv
Muranga,Muranga-Maragua River Road(C71),Makuyu Market,Survey/Mark and clear,47,annex_04_road_encroachment.csv
Muranga,Muranga-Karuinu Road(C72),Gakuri Market;Gitweku,Survey/Mark and clear,47,annex_04_road_encroachment.csv
Muranga,Kangema-Kiruri Road,Kanyenyaini Market,Survey/Mark and clear,47,annex_04_road_encroachment.csv
Muranga,Works Maintenance Camp for Muranga District Hospital and its access road,,Investigation with a view to revokation,47,annex_04_road_encroachment.csv
Siaya,Sidundo-Nyadorera Road(E1164),Nyadorera Centre,Survey/Mark and clear,47,annex_04_road_encroachment.csv
Siaya,Sega-Aboke Road,Sega Town/Ugunja Town,Survey/Mark and clear,47,annex_04_road_encroachment.csv
Siaya,Ukwala Road Maintenance Camp,,Investigate withs a view to revokation,47,annex_04_road_encroachment.csv
Bondo,Bondo-Usenge Road,Bondo Police Station;Bondo Hotel;Usenge Town,Survey/Mark and clear,47,annex_04_road_encroachment.csv
